date,cum_return
2019-01-03,-0.05189360380172725
2019-01-04,-0.008596034729560498
2019-01-07,0.0029414879376448155
2019-01-08,0.005675369488848503
2019-01-09,0.017945775773623218
2019-01-10,0.021431025671740933
2019-01-11,0.021342640179683237
2019-01-14,0.01849473987326178
2019-01-15,0.03319066423765871
2019-01-16,0.037460999291585306
2019-01-17,0.04665557303742984
2019-01-18,0.06401330593242216
2019-01-22,0.037289833578724174
2019-01-23,0.04152360269664035
2019-01-24,0.05031950609948854
2019-01-25,0.06682305786389864
2019-01-28,0.029199029252565012
2019-01-29,0.011957940633904318
2019-01-30,0.049357565602196285
2019-01-31,0.05616372235425571
2019-02-01,0.05421675363454348
2019-02-04,0.07745163806201294
2019-02-05,0.08690726709223351
2019-02-06,0.0881130630045388
2019-02-07,0.06937865576672442
2019-02-08,0.07039454603627471
2019-02-11,0.06463570037636535
2019-02-12,0.08271533228383321
2019-02-13,0.08514066858961966
2019-02-14,0.08728102392150561
2019-02-15,0.10074847245549634
2019-02-19,0.1001721927455379
2019-02-20,0.10432802871418945
2019-02-21,0.10378792072349463
2019-02-22,0.11593932319215439
2019-02-25,0.12081062795888697
2019-02-26,0.1192551616493347
2019-02-27,0.11696118509802855
2019-02-28,0.11085496068184297
2019-03-01,0.11931984856600497
2019-03-04,0.11953131703359854
2019-03-05,0.11689719258567832
2019-03-06,0.10739382266637687
2019-03-07,0.09416543548250611
2019-03-08,0.09687176278880583
2019-03-11,0.1319452846653737
2019-03-12,0.1391808229938194
2019-03-13,0.15290327677353188
2019-03-14,0.15361268076775114
2019-03-15,0.16945193582043472
2019-03-18,0.17712884247591365
2019-03-19,0.1838180749867131
2019-03-20,0.17998656731806162
2019-03-21,0.20974342052927852
2019-03-22,0.17805635648541807
2019-03-25,0.16948920869580553
2019-03-26,0.17431202613357577
2019-03-27,0.1721021683205819
2019-03-28,0.17655000020024403
2019-03-29,0.18609839716773036
2019-04-01,0.20252389165164253
2019-04-02,0.20922384246792114
2019-04-03,0.22134939700588996
2019-04-04,0.22211806847173476
2019-04-05,0.2294656227634806
2019-04-08,0.23622257682230097
2019-04-09,0.22803994536410377
2019-04-10,0.2372452734219248
2019-04-11,0.23582571185530554
2019-04-12,0.24526364662560174
2019-04-15,0.23686917690576603
2019-04-16,0.24296518181660165
2019-04-17,0.25528798164197397
2019-04-18,0.2581992029298743
2019-04-22,0.2635540138965473
2019-04-23,0.2772857327163871
2019-04-24,0.2756234516632621
2019-04-25,0.2775886673469383
2019-04-26,0.26817957297863826
2019-04-29,0.27317399849854396
2019-04-30,0.27143434780939635
2019-05-01,0.2767758417223729
2019-05-02,0.2743810940386948
2019-05-03,0.2879286229435616
2019-05-06,0.27412658846112503
2019-05-07,0.24313949515426092
2019-05-08,0.24309213612828606
2019-05-09,0.23368307527234533
2019-05-10,0.2323430643064437
2019-05-13,0.1804642340931344
2019-05-14,0.19679588758147126
2019-05-15,0.20132761381944198
2019-05-16,0.2118404913992291
2019-05-17,0.20050384680571054
2019-05-20,0.17920371803059743
2019-05-21,0.19378595833672496
2019-05-22,0.18307504616012338
2019-05-23,0.16132867276158813
2019-05-24,0.15904138242698207
2019-05-28,0.15125026452410495
2019-05-29,0.14065495967173502
2019-05-30,0.14082914578262962
2019-05-31,0.12096132174571683
2019-06-03,0.10701256185308594
2019-06-04,0.14878357299463874
2019-06-05,0.15898756631549693
2019-06-06,0.17343506494930572
2019-06-07,0.19209885597050147
2019-06-10,0.2061840434687474
2019-06-11,0.21282294537421387
2019-06-12,0.20049792190077498
2019-06-13,0.20690167332908138
2019-06-14,0.19937591064311722
2019-06-17,0.20180279442679838
2019-06-18,0.2314500789160614
2019-06-19,0.2312262121453057
2019-06-20,0.240368967314597
2019-06-21,0.23405339917894374
2019-06-24,0.23548510188680893
2019-06-25,0.21578895991322744
2019-06-26,0.23702732461311338
2019-06-27,0.24488326496335722
2019-06-28,0.24917150129015564
2019-07-01,0.2667119976808552
2019-07-02,0.2653550847489887
2019-07-03,0.27204117883049594
2019-07-05,0.2678124488736533
2019-07-08,0.2541843206236172
2019-07-09,0.25614637205358015
2019-07-10,0.26719429060191047
2019-07-11,0.2782616101986881
2019-07-12,0.286791186124586
2019-07-15,0.2870119250739842
2019-07-16,0.28283561862550566
2019-07-17,0.2799774943004849
2019-07-18,0.28652207985033584
2019-07-19,0.2765878985042205
2019-07-22,0.2941767279357894
2019-07-23,0.3102117622470326
2019-07-24,0.31950068637024986
2019-07-25,0.3050080923008309
2019-07-26,0.31353715196836873
2019-07-29,0.31452231172212164
2019-07-30,0.3115479974540385
2019-07-31,0.2971904137918979
2019-08-01,0.28176250912534107
2019-08-02,0.2650274459032076
2019-08-05,0.20996151089826043
2019-08-06,0.22783494444003694
2019-08-07,0.23094634659173474
2019-08-08,0.2596875135368859
2019-08-09,0.2464283450256357
2019-08-12,0.23109344708705115
2019-08-13,0.2636930965725257
2019-08-14,0.22161526813912702
2019-08-15,0.21847705632124903
2019-08-16,0.25599717640006814
2019-08-19,0.28874071426831693
2019-08-20,0.2777515277792939
2019-08-21,0.291984332816027
2019-08-22,0.29167737016208983
2019-08-23,0.24305527412534023
2019-08-26,0.2619223385915441
2019-08-27,0.25072604162799306
2019-08-28,0.25496126067505265
2019-08-29,0.2818668887430673
2019-08-30,0.28267373169236665
2019-09-03,0.26525364191993384
2019-09-04,0.28583663357439626
2019-09-05,0.3213742802070647
2019-09-06,0.31807617971196755
2019-09-09,0.3234670513084994
2019-09-10,0.33032337748272367
2019-09-11,0.3446311038836747
2019-09-12,0.3491871782861544
2019-09-13,0.3425704762480113
2019-09-16,0.3369478415569038
2019-09-17,0.34155337114174644
2019-09-18,0.3479823732410492
2019-09-19,0.3462392946639101
2019-09-20,0.32919763878905184
2019-09-23,0.3332228247684157
2019-09-24,0.31972239502890965
2019-09-25,0.3405763991756685
2019-09-26,0.3358699714669662
2019-09-27,0.32160835168833946
2019-09-30,0.3369268099734575
2019-10-01,0.3270007442946581
2019-10-02,0.30388483447846926
2019-10-03,0.3243869335300491
2019-10-04,0.34609370087153946
2019-10-07,0.3459112219543832
2019-10-08,0.3204074431913906
2019-10-09,0.3390304812241969
2019-10-10,0.3532392897056602
2019-10-11,0.3735598958266455
2019-10-14,0.3738641431633234
2019-10-15,0.4007816374379025
2019-10-16,0.3925890990511849
2019-10-17,0.39405582669037553
2019-10-18,0.3840376615938419
2019-10-21,0.40718435196199865
2019-10-22,0.40199931301535297
2019-10-23,0.40936140685005085
2019-10-24,0.41962342426326726
2019-10-25,0.4396497315431285
2019-10-28,0.4573107893158961
2019-10-29,0.4397906724690914
2019-10-30,0.44381214819117587
2019-10-31,0.4440897021632022
2019-11-01,0.4644736477147764
2019-11-04,0.4830640445686487
2019-11-05,0.4812837099670071
2019-11-06,0.4780130481547118
2019-11-07,0.48578141890169335
2019-11-08,0.4915776453104881
2019-11-11,0.49427123431542364
2019-11-12,0.4975978844082891
2019-11-13,0.49920032118573365
2019-11-14,0.5008062597641159
2019-11-15,0.5053484191167257
2019-11-18,0.5221693517914925
2019-11-19,0.5148539011602742
2019-11-20,0.5119365966526472
2019-11-21,0.5086164889947833
2019-11-22,0.5115830848336504
2019-11-25,0.5401169948836424
2019-11-26,0.5341245187605801
2019-11-27,0.5436961364622934
2019-11-29,0.5369574885763215
2019-12-02,0.5147813015041551
2019-12-03,0.5006748847432096
2019-12-04,0.5137161334848517
2019-12-05,0.5201306000836032
2019-12-06,0.5425560840219761
2019-12-09,0.5343593111398621
2019-12-10,0.5385331454873306
2019-12-11,0.5482025922274667
2019-12-12,0.5713535566884813
2019-12-13,0.577963257886073
2019-12-16,0.5914463415658444
2019-12-17,0.5960307948488521
2019-12-18,0.595730290767823
2019-12-19,0.6076511946537331
2019-12-20,0.6174099870536549
2019-12-23,0.6235649351487051
2019-12-24,0.6242837915183206
2019-12-26,0.6403270688384619
2019-12-27,0.6378550582561318
2019-12-30,0.6282089952015433
2019-12-31,0.6375941303362198
2020-01-02,0.666207822808049
2020-01-03,0.6464465912523769
2020-01-06,0.6529170862302067
2020-01-07,0.646295744449775
2020-01-08,0.6633320709512258
2020-01-09,0.683616271801593
2020-01-10,0.6811774630523517
2020-01-13,0.709581019989562
2020-01-14,0.6970214981794205
2020-01-15,0.6923643887723918
2020-01-16,0.7131434447151104
2020-01-17,0.7233424955947081
2020-01-21,0.713972782432224
2020-01-22,0.7161742033294405
2020-01-23,0.7246868783463534
2020-01-24,0.7071290888206743
2020-01-27,0.6671711622693608
2020-01-28,0.7050817012214725
2020-01-29,0.7167174509194871
2020-01-30,0.7325996098399701
2020-01-31,0.6823084219188755
2020-02-03,0.7007567263085941
2020-02-04,0.7459748830765809
2020-02-05,0.7616070369494645
2020-02-06,0.7817206826072534
2020-02-07,0.7702896318787764
2020-02-10,0.8030686279359396
2020-02-11,0.7978988785629002
2020-02-12,0.8172099521316092
2020-02-13,0.8086403854150717
2020-02-14,0.8377912784678474
2020-02-18,0.8382778700834101
2020-02-19,0.8738668527564522
2020-02-20,0.8536067673456467
2020-02-21,0.8046382050105747
2020-02-24,0.721986392944334
2020-02-25,0.6667900701592901
2020-02-26,0.6855639727897991
2020-02-27,0.5876849439769118
2020-02-28,0.6077025761255672
2020-03-02,0.701118197970831
2020-03-03,0.6373787929914339
2020-03-04,0.7107204142745618
2020-03-05,0.651502520106632
2020-03-06,0.6086887322882328
2020-03-09,0.4731808455305999
2020-03-10,0.5722699704584482
2020-03-11,0.5006170015075859
2020-03-12,0.3511738540359355
2020-03-13,0.5241459771289279
2020-03-16,0.30348871501716235
2020-03-17,0.3948568842624893
2020-03-18,0.3204682212636889
2020-03-19,0.34033657705080245
2020-03-20,0.2844837565096585
2020-03-23,0.2678834781051762
2020-03-24,0.411851603454237
2020-03-25,0.4135676496622396
2020-03-26,0.49479531369563423
2020-03-27,0.4360857138540084
2020-03-30,0.4987980599596351
2020-03-31,0.47819982178348486
2020-04-01,0.3986643646598216
2020-04-02,0.4386857669129647
2020-04-03,0.4076860508063602
2020-04-06,0.5205999055159365
2020-04-07,0.5047266357158342
2020-04-08,0.544020877064292
2020-04-09,0.56650478765138
2020-04-13,0.570695080320303
2020-04-14,0.6268650421210014
2020-04-15,0.5981072684997719
2020-04-16,0.6210708036408683
2020-04-17,0.6449512402909143
2020-04-20,0.6089902963696558
2020-04-21,0.5459292429419669
2020-04-22,0.595179885482042
2020-04-23,0.5865386324163271
2020-04-24,0.6182970823698117
2020-04-27,0.6397589007933839
2020-04-28,0.617423447600002
2020-04-29,0.6696271249407617
2020-04-30,0.667999824214329
2020-05-01,0.6264648766424574
2020-05-04,0.6497220797227603
2020-05-05,0.665025510834852
2020-05-06,0.6716211381087498
2020-05-07,0.6919564956744568
2020-05-08,0.7213262817682957
2020-05-11,0.736495842471296
2020-05-12,0.6966727051221189
2020-05-13,0.6708843148834183
2020-05-14,0.6994319475179149
2020-05-15,0.7190427365524321
2020-05-18,0.7652946268619478
2020-05-19,0.7539881745097681
2020-05-20,0.7875139351485887
2020-05-21,0.7657961601752559
2020-05-22,0.7773792370602659
2020-05-26,0.7797290511119854
2020-05-27,0.793830917663541
2020-05-28,0.7869027906972581
2020-05-29,0.8017325083128506
2020-06-01,0.8081030762278356
2020-06-02,0.8192718729949755
2020-06-03,0.8389458136853758
2020-06-04,0.8339927919420991
2020-06-05,0.8836324138928848
2020-06-08,0.8935321630474056
2020-06-09,0.9130620474765949
2020-06-10,0.943441416907983
2020-06-11,0.8292207989974283
2020-06-12,0.8532387029302826
2020-06-15,0.8783769320948986
2020-06-16,0.905696647475964
2020-06-17,0.905309055554554
2020-06-18,0.9084153950131195
2020-06-19,0.8997309029423537
2020-06-22,0.934979742579231
2020-06-23,0.9502953650542643
2020-06-24,0.9057757878811985
2020-06-25,0.941655198694169
2020-06-26,0.8804328278514137
2020-06-29,0.9035630531361973
2020-06-30,0.9389278425130432
2020-07-01,0.9417257532169443
2020-07-02,0.9513265763313283
2020-07-06,0.9960038893793881
2020-07-07,0.9784377525144508
2020-07-08,1.0200536908103062
2020-07-09,1.029062897485916
2020-07-10,1.0470091272779731
2020-07-13,1.0139016364036082
2020-07-14,1.044005086981585
2020-07-15,1.0484215772268155
2020-07-16,1.0281241625946351
2020-07-17,1.0224397701611543
2020-07-20,1.0668822486359133
2020-07-21,1.0530057837158262
2020-07-22,1.0657294588464534
2020-07-23,1.0047448916595116
2020-07-24,0.998934402737421
2020-07-27,1.0239870478299697
2020-07-28,1.0025209371156767
2020-07-29,1.037952329895441
2020-07-30,1.0402533023576805
2020-07-31,1.0976761775194164
2020-08-03,1.1564453005335342
2020-08-04,1.1598720982560766
2020-08-05,1.1708538965217694
2020-08-06,1.2026321384270706
2020-08-07,1.1824856987360226
2020-08-10,1.183338550923489
2020-08-11,1.1496662091182364
2020-08-12,1.2080304456637903
2020-08-13,1.2141800412232215
2020-08-14,1.2190394485835885
2020-08-17,1.2432043606662524
2020-08-18,1.2443673837095766
2020-08-19,1.2365775479513204
2020-08-20,1.2591166056345036
2020-08-21,1.3053321743859594
2020-08-24,1.3286138195986377
2020-08-25,1.335258798688395
2020-08-26,1.3552600181727033
2020-08-27,1.3697359067704835
2020-08-28,1.3981203007338578
2020-08-31,1.4075371149180653
2020-09-01,1.4555999316546977
2020-09-02,1.4842676781743576
2020-09-03,1.3359783011577524
2020-09-04,1.3187731242147231
2020-09-08,1.2007375443082293
2020-09-09,1.2854001669316717
2020-09-10,1.2267566981937854
2020-09-11,1.2148080333804705
2020-09-14,1.2699140501074164
2020-09-15,1.2754184294843793
2020-09-16,1.2318636744444582
2020-09-17,1.208541697725137
2020-09-18,1.1699313320130411
2020-09-21,1.1901977990269215
2020-09-22,1.2159734595088896
2020-09-23,1.1433646300313165
2020-09-24,1.164321322838561
2020-09-25,1.2234668176275787
2020-09-28,1.2617758214072863
2020-09-29,1.2535254744456479
2020-09-30,1.2865734023392874
2020-10-01,1.3047349016395753
2020-10-02,1.2504314678032387
2020-10-05,1.3123022985302772
2020-10-06,1.2781300887786773
2020-10-07,1.3180915771620971
2020-10-08,1.3256795229524383
2020-10-09,1.3488069900522102
2020-10-12,1.427113361702899
2020-10-13,1.4075022648040982
2020-10-14,1.3931020866905177
2020-10-15,1.3881577492458512
2020-10-16,1.3734237799978262
2020-10-19,1.3213803396245978
2020-10-20,1.33866689419377
2020-10-21,1.3275929534671311
2020-10-22,1.3308716860214052
2020-10-23,1.3432772667910533
2020-10-26,1.2959853460178148
2020-10-27,1.3136230954130745
2020-10-28,1.2099697781558771
2020-10-29,1.2554297215112888
2020-10-30,1.2001775670284074
2020-11-02,1.2121220352302178
2020-11-03,1.2635669032927104
2020-11-04,1.3381318941497433
2020-11-05,1.4111006547774845
2020-11-06,1.420366839228358
2020-11-09,1.4166284398388727
2020-11-10,1.362163540342475
2020-11-11,1.4169066267748258
2020-11-12,1.4058191509481417
2020-11-13,1.4106025352561122
2020-11-16,1.4404949437370438
2020-11-17,1.419058540265242
2020-11-18,1.3973762571587405
2020-11-19,1.4071704212071463
2020-11-20,1.3766326285550936
2020-11-23,1.3724727604665006
2020-11-24,1.4055434340769644
2020-11-25,1.4160159229895806
2020-11-27,1.422343363754309
2020-11-30,1.425360728461058
2020-12-01,1.4594173449884655
2020-12-02,1.4723701511094833
2020-12-03,1.4606150275331502
2020-12-04,1.469997004363425
2020-12-07,1.4769845899568632
2020-12-08,1.4772130920545816
2020-12-09,1.430411871706343
2020-12-10,1.4331160304516288
2020-12-11,1.4358918382761243
2020-12-14,1.4410179256703368
2020-12-15,1.4844868072138668
2020-12-16,1.4963659353919851
2020-12-17,1.503823890701245
2020-12-18,1.485583596123186
2020-12-21,1.5195765327914947
2020-12-22,1.532897610362403
2020-12-23,1.520919115514046
2020-12-24,1.5299202525928939
2020-12-28,1.5609249708526587
2020-12-29,1.5500680602892132
2020-12-30,1.547202952757091
2020-12-31,1.5480599904174523
2021-01-04,1.5122376852239796
2021-01-05,1.5364137646222176
2021-01-06,1.488860723415244
2021-01-07,1.574391723504812
2021-01-08,1.5839001093216458
2021-01-11,1.5792076811532425
2021-01-12,1.5717021712064358
2021-01-13,1.5895417093471864
2021-01-14,1.5580353476166868
2021-01-15,1.5252622243487601
2021-01-19,1.5477848967160672
2021-01-20,1.6048394032205553
2021-01-21,1.6471776991750837
2021-01-22,1.650312356173902
2021-01-25,1.6734682795848896
2021-01-26,1.671941759527503
2021-01-27,1.6267376004398661
2021-01-28,1.6365068186093694
2021-01-29,1.5778450064249538
2021-02-01,1.6289617532907004
2021-02-02,1.6631583513908987
2021-02-03,1.6715384537431488
2021-02-04,1.7050788790788425
2021-02-05,1.7014193464390637
2021-02-08,1.7458834891186448
2021-02-09,1.7364560089870014
2021-02-10,1.7499515283546008
2021-02-11,1.770996672346457
2021-02-12,1.7710862574477684
2021-02-16,1.7795965473806263
2021-02-17,1.7563735963865028
2021-02-18,1.7460540041830273
2021-02-19,1.7487183477237012
2021-02-22,1.6894985328718755
2021-02-23,1.680917071848345
2021-02-24,1.7069212651138073
2021-02-25,1.6075568247182788
2021-02-26,1.622222507197189
2021-03-01,1.6936891463234849
2021-03-02,1.6494748802418693
2021-03-03,1.5940482066544504
2021-03-04,1.5530290506294024
2021-03-05,1.58529393415128
2021-03-08,1.5137933478534173
2021-03-09,1.6001086810452478
2021-03-10,1.5991135327523054
2021-03-11,1.6468200060788036
2021-03-12,1.6375643091153962
2021-03-15,1.665201003621367
2021-03-16,1.6806714169770522
2021-03-17,1.6819860507190887
2021-03-18,1.6172859565157434
2021-03-19,1.6113987691558265
2021-03-22,1.6523256022980584
2021-03-23,1.6404684509055913
2021-03-24,1.6051581209618466
2021-03-25,1.6020050537595933
2021-03-26,1.6423492143784078
2021-03-29,1.6379939695734769
2021-03-30,1.6208929696856993
2021-03-31,1.6595393487623258
2021-04-01,1.7093779386902632
2021-04-05,1.7590123703143323
2021-04-06,1.7492354095273868
2021-04-07,1.7822201562795335
2021-04-08,1.8142412124663472
2021-04-09,1.8452013588597151
2021-04-12,1.8671788360907406
2021-04-13,1.9057129022397712
2021-04-14,1.8600413885100813
2021-04-15,1.9238975834546612
2021-04-16,1.9221210906311756
2021-04-19,1.8959807139959843
2021-04-20,1.865367569477879
2021-04-21,1.8887737362597208
2021-04-22,1.8386093892871984
2021-04-23,1.891023179168462
2021-04-26,1.9043143221172913
2021-04-27,1.9019924239466
2021-04-28,1.875831939925265
2021-04-29,1.8824476909565555
2021-04-30,1.8520560156127996
2021-05-03,1.8501149782324218
2021-05-04,1.7980069444706737
2021-05-05,1.8054686644488682
2021-05-06,1.8380570150335571
2021-05-07,1.8654534617885643
2021-05-10,1.8065319095658054
2021-05-11,1.7894745394505702
2021-05-12,1.7184798930315783
2021-05-13,1.7538205192263847
2021-05-14,1.8180349723143032
2021-05-17,1.8006388148455588
2021-05-18,1.771308840166145
2021-05-19,1.7698472359797695
2021-05-20,1.8192482213098202
2021-05-21,1.8241940587068761
2021-05-24,1.8797295871535753
2021-05-25,1.8771922926046334
2021-05-26,1.878975941931082
2021-05-27,1.8630051070221958
2021-05-28,1.8886886642784146
2021-06-01,1.8852863590223872
2021-06-02,1.9084561209099298
2021-06-03,1.9002527836219616
2021-06-04,1.9545206946583353
2021-06-07,1.9623368131300496
2021-06-08,1.9565367234355509
2021-06-09,1.9523874131712118
2021-06-10,1.9545149366510985
2021-06-11,1.9776454952570566
2021-06-14,2.001599889613191
2021-06-15,1.97702536504621
2021-06-16,1.978501747974911
2021-06-17,2.01335548631373
2021-06-18,1.9833762272028839
2021-06-21,2.0103246215053296
2021-06-22,2.0449011467736926
2021-06-23,2.0503361899547032
2021-06-24,2.064424836343201
2021-06-25,2.058610760074044
2021-06-28,2.1113030337064536
2021-06-29,2.1289819691374547
2021-06-30,2.1350560082996353
2021-07-01,2.1526822259371072
2021-07-02,2.1974236828280445
2021-07-06,2.206892533805991
2021-07-07,2.2199819421890465
2021-07-08,2.1782624858904587
2021-07-09,2.2151810046536604
2021-07-12,2.2334656667038275
2021-07-13,2.233368559908745
2021-07-14,2.2432783687237694
2021-07-15,2.206179410981678
2021-07-16,2.1521193298549295
2021-07-19,2.1195328158557976
2021-07-20,2.1561492856265274
2021-07-21,2.198833882095573
2021-07-22,2.2210162043544566
2021-07-23,2.2434633859734525
2021-07-26,2.2397747357585196
2021-07-27,2.214929090526661
2021-07-28,2.2147026571923214
2021-07-29,2.2305213122401653
2021-07-30,2.215685858351964
2021-08-02,2.218885680466548
2021-08-03,2.247100038793824
2021-08-04,2.2505079886952317
2021-08-05,2.280538308546211
2021-08-06,2.282632775355548
2021-08-09,2.2759279418904677
2021-08-10,2.2628623379472823
2021-08-11,2.265068363892562
2021-08-12,2.300371497547911
2021-08-13,2.3149373148023624
2021-08-16,2.3212088615128184
2021-08-17,2.286149397266094
2021-08-18,2.236168936539818
2021-08-19,2.277318975021463
2021-08-20,2.3456127583329773
2021-08-23,2.402534444870155
2021-08-24,2.3952111196877115
2021-08-25,2.4110050531551406
2021-08-26,2.3932124088140103
2021-08-27,2.4272029309194925
2021-08-30,2.4599334414791323
2021-08-31,2.4362991542876737
2021-09-01,2.4412560702833055
2021-09-02,2.448348192976709
2021-09-03,2.4624791783283433
2021-09-07,2.4648717295114717
2021-09-08,2.4433958318188638
2021-09-09,2.4241799108667847
2021-09-10,2.3907489096494783
2021-09-13,2.3972655229953967
2021-09-14,2.388268413319909
2021-09-15,2.418473335656174
2021-09-16,2.4141490133920414
2021-09-17,2.366710677866728
2021-09-20,2.285362998998662
2021-09-21,2.293312243369689
2021-09-22,2.3535872081853784
2021-09-23,2.40162530223314
2021-09-24,2.396144694869877
2021-09-27,2.370398304228098
2021-09-28,2.277018017973522
2021-09-29,2.2783964690560166
2021-09-30,2.2584138084834446
2021-10-01,2.302678509527293
2021-10-04,2.226169000887481
2021-10-05,2.2901331649664916
2021-10-06,2.318828102675909
2021-10-07,2.350771703682352
2021-10-08,2.340200241942358
2021-10-11,2.3193922290243285
2021-10-12,2.302210682889818
2021-10-13,2.3056628234628826
2021-10-14,2.3817667452933136
2021-10-15,2.4094105435806115
2021-10-18,2.440661584325473
2021-10-19,2.4686107498935366
2021-10-20,2.472448563112981
2021-10-21,2.4989682636543806
2021-10-22,2.49740591737753
2021-10-25,2.507989806551606
2021-10-26,2.566500136082343
2021-10-27,2.5800544796725884
2021-10-28,2.633315367887954
2021-10-29,2.655024770332665
2021-11-01,2.6517881641518226
2021-11-02,2.6893141849346978
2021-11-03,2.7098399392194863
2021-11-04,2.7980331667295943
2021-11-05,2.800277173939543
2021-11-08,2.8284182299280647
2021-11-09,2.817918522498166
2021-11-10,2.750003707977473
2021-11-11,2.778156905715337
2021-11-12,2.8056292272980494
2021-11-15,2.793883714595514
2021-11-16,2.8125662426384395
2021-11-17,2.8006812879488927
2021-11-18,2.893543760082738
2021-11-19,2.938847483777839
2021-11-22,2.9186717444767885
2021-11-23,2.9245315629825432
2021-11-24,2.948319995311535
2021-11-26,2.8336574885340307
2021-11-29,2.9249803546463857
2021-11-30,2.9016753907596122
2021-12-01,2.8575345730201174
2021-12-02,2.8878884979755175
2021-12-03,2.807054839963545
2021-12-06,2.834126493108168
2021-12-07,2.9753215196806777
2021-12-08,2.978133471949914
2021-12-09,2.9312717246352715
2021-12-10,2.9823254038415246
2021-12-13,2.886497900277164
2021-12-14,2.8523539952250907
2021-12-15,2.9607237243053652
2021-12-16,2.843162413986868
2021-12-17,2.798542789311229
2021-12-20,2.7608717916718657
2021-12-21,2.8552008051816236
2021-12-22,2.9040294646860767
2021-12-23,2.9240606221070724
2021-12-27,3.0155974373964396
2021-12-28,2.991456592500965
2021-12-29,2.9860175564698124
2021-12-30,2.9588159562713443
2021-12-31,2.939900376866312
2022-01-03,2.994877377547313
2022-01-04,2.9655504571208913
2022-01-05,2.8331722211898396
2022-01-06,2.831112280350736
2022-01-07,2.8106536003647493
2022-01-10,2.815576905064179
2022-01-11,2.8511504189760597
2022-01-12,2.8735589961896983
2022-01-13,2.7660166961701718
2022-01-14,2.7634207101502803
2022-01-18,2.6600512915319086
2022-01-19,2.6050510189997302
2022-01-20,2.553613306137124
2022-01-21,2.483249989132553
2022-01-24,2.4817056027832827
2022-01-25,2.4167454849104133
2022-01-26,2.457892248551625
2022-01-27,2.4276080092209567
2022-01-28,2.556823061044477
2022-01-31,2.656016739026513
2022-02-01,2.666258324513636
2022-02-02,2.705582672748391
2022-02-03,2.5983537629859104
2022-02-04,2.638546419505321
2022-02-07,2.632169589531626
2022-02-08,2.685727716223558
2022-02-09,2.7707712348850104
2022-02-10,2.6843889497009905
2022-02-11,2.5718127824128003
2022-02-14,2.575718584025305
2022-02-15,2.695143446951627
2022-02-16,2.69485287414446
2022-02-17,2.567693882322341
2022-02-18,2.524617781575925
2022-02-22,2.4941543583858823
2022-02-23,2.3987031503561114
2022-02-24,2.4910909159972383
2022-02-25,2.5464340139192005
2022-02-28,2.535451423936734
2022-03-01,2.459400053012436
2022-03-02,2.534897038485475
2022-03-03,2.499397053647247
2022-03-04,2.4233855674494778
2022-03-07,2.2885031987756177
2022-03-08,2.2676604881142373
2022-03-09,2.4120565012215303
2022-03-10,2.3613345863759516
2022-03-11,2.2906776965655133
2022-03-14,2.236526778361572
2022-03-15,2.361038934462985
2022-03-16,2.4848769501919645
2022-03-17,2.513788282023928
2022-03-18,2.6011220752957094
2022-03-21,2.6107607535693984
2022-03-22,2.656506396340094
2022-03-23,2.6077697514778135
2022-03-24,2.7246092800979493
2022-03-25,2.722293201031223
2022-03-28,2.762499817586606
2022-03-29,2.814634337109641
2022-03-30,2.771760850226114
2022-03-31,2.70162314330514
2022-04-01,2.6852512560693587
2022-04-04,2.748672170484443
2022-04-05,2.665946160813212
2022-04-06,2.5592693640880824
2022-04-07,2.5616925828446364
2022-04-08,2.5143960818197235
2022-04-11,2.409844018783034
2022-04-12,2.3897437175915845
2022-04-13,2.4317687956484497
2022-04-14,2.3424101292920056
2022-04-18,2.369376060946838
2022-04-19,2.4270819230948506
2022-04-20,2.4087085208415844
2022-04-21,2.335231145231216
2022-04-22,2.241727562474976
2022-04-25,2.2824962300026566
2022-04-26,2.1555976689016645
2022-04-27,2.1750386802241093
2022-04-28,2.295545355638641
2022-04-29,2.1555708969606178
2022-05-02,2.2176017343391727
2022-05-03,2.2325592951874125
2022-05-04,2.3441667415318364
2022-05-05,2.18178297610321
2022-05-06,2.168702454825214
2022-05-09,2.032241973303323
2022-05-10,2.071595004389238
2022-05-11,1.962365836515323
2022-05-12,1.9106178191216414
2022-05-13,2.0197049895411423
2022-05-16,1.992675882037184
2022-05-17,2.0826843780894992
2022-05-18,1.9355399737943526
2022-05-19,1.9119648135356342
2022-05-20,1.893554149997641
2022-05-23,1.987794220612313
2022-05-24,1.9470885283180879
2022-05-25,1.993098721015334
2022-05-26,2.067717993222804
2022-05-27,2.170943665016302
2022-05-31,2.158854657000802
2022-06-01,2.135706417348647
2022-06-02,2.2151689834100594
2022-06-03,2.127571800261224
2022-06-06,2.1300659959405777
2022-06-07,2.165145324712772
2022-06-08,2.1332017374260124
2022-06-09,2.0475410450245652
2022-06-10,1.9136204517167998
2022-06-13,1.7796751838725453
2022-06-14,1.7892299395631683
2022-06-15,1.8592465733745844
2022-06-16,1.7580317663443665
2022-06-17,1.782824561392049
2022-06-21,1.8676164011552743
2022-06-22,1.852823813698496
2022-06-23,1.8791600615178834
2022-06-24,1.9799852772551687
2022-06-27,1.9579326931975278
2022-06-28,1.870118537448644
2022-06-29,1.8719512702402699
2022-06-30,1.8218401831428634
2022-07-01,1.8270082369231426
2022-07-05,1.8656472651201654
2022-07-06,1.8867112521077165
2022-07-07,1.9551847203239663
2022-07-08,1.9541299247809683
2022-07-11,1.8980741867025999
2022-07-12,1.8672330941378479
2022-07-13,1.859553786751853
2022-07-14,1.869860183367288
2022-07-15,1.9280469484992522
2022-07-18,1.9103505995196794
2022-07-19,1.9997262168610903
2022-07-20,2.049339900039791
2022-07-21,2.084411619387596
2022-07-22,2.033591605387276
2022-07-25,2.0155662874923173
2022-07-26,1.958914372710891
2022-07-27,2.097331335140552
2022-07-28,2.1330457068839808
2022-07-29,2.1863405241569622
2022-08-01,2.1772666926043605
2022-08-02,2.153132237820832
2022-08-03,2.2300883474436564
2022-08-04,2.2372585814848507
2022-08-05,2.240281029104137
2022-08-08,2.1832117855163116
2022-08-09,2.166181926074464
2022-08-10,2.2659855384803174
2022-08-11,2.257971411115845
2022-08-12,2.333522051684423
2022-08-15,2.358175531089403
2022-08-16,2.355625926640513
2022-08-17,2.333638409336267
2022-08-18,2.341944381314447
2022-08-19,2.26571280673313
2022-08-22,2.1748283738369074
2022-08-23,2.169107852221437
2022-08-24,2.172852817921144
2022-08-25,2.2369728382290948
2022-08-26,2.0831706627172966
2022-08-29,2.042801751614308
2022-08-30,2.0069213291788373
2022-08-31,1.9739849689863878
2022-09-01,1.933308027549531
2022-09-02,1.8911839447228251
2022-09-06,1.8680807493926075
2022-09-07,1.915099487537164
2022-09-08,1.9340822191392335
2022-09-09,1.9903606787805237
2022-09-12,2.0403727611571596
2022-09-13,1.860703967853992
2022-09-14,1.868701891526154
2022-09-15,1.8285792253907003
2022-09-16,1.8246740171590914
2022-09-19,1.8568224579224495
2022-09-20,1.8398000968936583
2022-09-21,1.7991129053935406
2022-09-22,1.7627411980492456
2022-09-23,1.7268884521081098
2022-09-26,1.7016793292635737
2022-09-27,1.7067293369059384
2022-09-28,1.741790379820885
2022-09-29,1.6601939297265407
2022-09-30,1.6113988047899608
2022-10-03,1.6919494201096534
2022-10-04,1.7915361785697317
2022-10-05,1.7895025863695913
2022-10-06,1.761956216405868
2022-10-07,1.637314780341522
2022-10-10,1.6003727905416039
2022-10-11,1.5653463037089344
2022-10-12,1.564509667847057
2022-10-13,1.6622248187884847
2022-10-14,1.5895411854200212
2022-10-17,1.6905897178253513
2022-10-18,1.7183644668761588
2022-10-19,1.7060610973881714
2022-10-20,1.7046010174278319
2022-10-21,1.783225047516109
2022-10-24,1.8198270630058224
2022-10-25,1.8806753306483412
2022-10-26,1.7968270461031515
2022-10-27,1.7732729960975795
2022-10-28,1.896077371807114
2022-10-31,1.855503068235742
2022-11-01,1.838597378439792
2022-11-02,1.7588366784146823
2022-11-03,1.7161778213464416
2022-11-04,1.784246187404468
2022-11-07,1.8192396471815222
2022-11-08,1.8396821230429947
2022-11-09,1.756152384007168
2022-11-10,1.992867505597113
2022-11-11,2.0470075801504652
2022-11-14,2.012864544459229
2022-11-15,2.0374146566769356
2022-11-16,2.002057528686409
2022-11-17,1.9995046137647439
2022-11-18,1.9971139086742649
2022-11-21,1.9755802788761492
2022-11-22,2.0363404486097054
2022-11-23,2.074678363706303
2022-11-25,2.0508441861386366
2022-11-28,1.9812386546910221
2022-11-29,1.9605736787882044
2022-11-30,2.1101856678049025
2022-12-01,2.1111844199694203
2022-12-02,2.0959266091801663
2022-12-05,2.043983619405162
2022-12-06,1.9805746391172367
2022-12-07,1.971915841054829
2022-12-08,2.0369923252974473
2022-12-09,2.016492936281883
2022-12-12,2.083130537290659
2022-12-13,2.123756934555236
2022-12-14,2.093440032162992
2022-12-15,1.9843834958413926
2022-12-16,1.9390751625379803
2022-12-19,1.902295441242818
2022-12-20,1.9026548631658753
2022-12-21,1.9542469210892572
2022-12-22,1.8648759744557357
2022-12-23,1.8640387898215294
2022-12-27,1.8077323533836442
2022-12-28,1.7726827337770064
2022-12-29,1.843742453009075
2022-12-30,1.844109590569515
2023-01-03,1.8066132846778653
2023-01-04,1.8073516903250577
2023-01-05,1.7557835944947344
2023-01-06,1.8295919639619949
2023-01-09,1.8666652468355722
2023-01-10,1.8924925993624724
2023-01-11,1.9416826155121782
2023-01-12,1.9697045476407582
2023-01-13,2.0063851218073077
2023-01-17,2.0372611435036636
2023-01-18,1.9868083993756218
2023-01-19,1.9445831595817165
2023-01-20,2.0320817863008376
2023-01-23,2.116201427064129
2023-01-24,2.128161128600896
2023-01-25,2.12419469671465
2023-01-26,2.18328207217567
2023-01-27,2.21504359679732
2023-01-30,2.1331292901554164
2023-01-31,2.178631015701905
2023-02-01,2.250307890721451
2023-02-02,2.3471246311106144
2023-02-03,2.3314297773433252
2023-02-06,2.3109429989740473
2023-02-07,2.4082424610804045
2023-02-08,2.382357053699598
2023-02-09,2.358379924573795
2023-02-10,2.3299507547772778
2023-02-13,2.3992784167110375
2023-02-14,2.437282060710965
2023-02-15,2.4400010373089955
2023-02-16,2.370896402928405
2023-02-17,2.332808938536599
2023-02-21,2.2511301773336436
2023-02-22,2.2484603007436155
2023-02-23,2.3592499780483025
2023-02-24,2.3142652603488263
2023-02-27,2.3363764804887626
2023-02-28,2.325280939271748
2023-03-01,2.2834028978244514
2023-03-02,2.3194634426448415
2023-03-03,2.3959269129456944
2023-03-06,2.404743194087188
2023-03-07,2.352967502526067
2023-03-08,2.3820655476900656
2023-03-09,2.3071924951873046
2023-03-10,2.2756415615396826
2023-03-13,2.294568383648847
2023-03-14,2.3807890561156206
2023-03-15,2.375581192639037
2023-03-16,2.480866019309711
2023-03-17,2.4654799679815422
2023-03-20,2.4717796056173396
2023-03-21,2.515909583961392
2023-03-22,2.4877403059451013
2023-03-23,2.5300832294262716
2023-03-24,2.5313820863865235
2023-03-27,2.5169759821169504
2023-03-28,2.5070266340030773
2023-03-29,2.565150154010947
2023-03-30,2.5972724084640038
2023-03-31,2.6492920243156557
2023-04-03,2.659328611882697
2023-04-04,2.632413568051322
2023-04-05,2.597429190497738
2023-04-06,2.631023969195128
2023-04-10,2.6265568521756077
2023-04-11,2.5911653921390974
2023-04-12,2.569255209359212
2023-04-13,2.6279641808165053
2023-04-14,2.662319599157188
2023-04-17,2.68394831182869
2023-04-18,2.7141989415844288
2023-04-19,2.7272116871095013
2023-04-20,2.6874593324083818
2023-04-21,2.6770921268251944
2023-04-24,2.665216775685652
2023-04-25,2.5935259209223807
2023-04-26,2.6662912172744333
2023-04-27,2.7473675693163666
2023-04-28,2.785976081701394
2023-05-01,2.8235041287584455
2023-05-02,2.7828942039627793
2023-05-03,2.746804263756174
2023-05-04,2.7224890856500332
2023-05-05,2.833571171857162
2023-05-08,2.841146656081239
2023-05-09,2.8058521195872124
2023-05-10,2.8435497371332668
2023-05-11,2.826840625507262
2023-05-12,2.8027874387214102
2023-05-15,2.8247657802175143
2023-05-16,2.830985612355233
2023-05-17,2.893443254871021
2023-05-18,2.969516192889142
2023-05-19,2.9569714931083415
2023-05-22,2.953484110464439
2023-05-23,2.8950688651845504
2023-05-24,2.878915263491879
2023-05-25,3.118211706447852
2023-05-26,3.189482312795529
2023-05-30,3.2230514404902264
2023-05-31,3.1542408534226265
2023-06-01,3.241154044972168
2023-06-02,3.268322790394911
2023-06-05,3.25105866845613
2023-06-06,3.233032442975337
2023-06-07,3.1703765604539518
2023-06-08,3.219559101755035
2023-06-09,3.2348918973174987
2023-06-12,3.2891148035284736
2023-06-13,3.336553548612545
2023-06-14,3.390334081450902
2023-06-15,3.446220977552886
2023-06-16,3.4206164065540587
2023-06-20,3.42362944588677
2023-06-21,3.382877669906917
2023-06-22,3.410495922480812
2023-06-23,3.368195205373416
2023-06-26,3.305306410633551
2023-06-27,3.3745583114071636
2023-06-28,3.3672605954602766
2023-06-29,3.385814237745665
2023-06-30,3.4778957278332916
2023-07-03,3.4693238454011954
2023-07-05,3.455806492588053
2023-07-06,3.452530679054317
2023-07-07,3.444806804179964
2023-07-10,3.4136559369060206
2023-07-11,3.4319625737031068
2023-07-12,3.4976145031414214
2023-07-13,3.571531927595844
2023-07-14,3.5746533197082293
2023-07-17,3.6349516931165633
2023-07-18,3.7065622252142347
2023-07-19,3.696464342788845
2023-07-20,3.6303996120643562
2023-07-21,3.5829468378913063
2023-07-24,3.6151179893324894
2023-07-25,3.658746921568558
2023-07-26,3.6198698777511433
2023-07-27,3.585032453961351
2023-07-28,3.6546684629688366
2023-07-31,3.655510534560772
2023-08-01,3.64211890629114
2023-08-02,3.5313907990836384
2023-08-03,3.527434519371564
2023-08-04,3.4758149013585307
2023-08-07,3.4882729904625345
2023-08-08,3.4588429043456967
2023-08-09,3.3802340668594324
2023-08-10,3.37709681061684
2023-08-11,3.342722419845974
2023-08-14,3.4297224124119765
2023-08-15,3.38899980177938
2023-08-16,3.3641993552685614
2023-08-17,3.321694676622779
2023-08-18,3.3242714316809003
2023-08-21,3.4307863225353863
2023-08-22,3.4014458864199373
2023-08-23,3.4808199839551692
2023-08-24,3.418361143488923
2023-08-25,3.4251268085006012
2023-08-28,3.45960315877187
2023-08-29,3.5523675049541534
2023-08-30,3.584521045794232
2023-08-31,3.574467938418225
2023-09-01,3.575182333669825
2023-09-05,3.5838462981134214
2023-09-06,3.506761296272737
2023-09-07,3.4401903020152105
2023-09-08,3.4474011184563116
2023-09-11,3.4665913661236214
2023-09-12,3.4261062181414452
2023-09-13,3.440521982115267
2023-09-14,3.479530712487593
2023-09-15,3.403722780227808
2023-09-18,3.421563310610674
2023-09-19,3.4158271986902022
2023-09-20,3.3324002366685352
2023-09-21,3.2776929676032074
2023-09-22,3.2793239620646943
2023-09-25,3.307467022563002
2023-09-26,3.241413044641809
2023-09-27,3.2494455864587186
2023-09-28,3.277990718333027
2023-09-29,3.283853596362907
2023-10-02,3.33973869237657
2023-10-03,3.2649237840628134
2023-10-04,3.309465670907546
2023-10-05,3.3337158191036824
2023-10-06,3.415053944937995
2023-10-09,3.426314555969811
2023-10-10,3.435564727227396
2023-10-11,3.482472421286099
2023-10-12,3.4808951868052294
2023-10-13,3.4361801570516324
2023-10-16,3.470689807145078
2023-10-17,3.415599397347979
2023-10-18,3.349842120225885
2023-10-19,3.3410142219107257
2023-10-20,3.2766120932043723
2023-10-23,3.308983198145409
2023-10-24,3.3351297366310453
2023-10-25,3.303465816133424
2023-10-26,3.200624977989789
2023-10-27,3.193216980651389
2023-10-30,3.259182555211269
2023-10-31,3.268460990185276
2023-11-01,3.3521990921906895
2023-11-02,3.4302400965787623
2023-11-03,3.4827626537549756
2023-11-06,3.5324660375228207
2023-11-07,3.5671993902075405
2023-11-08,3.598557709065491
2023-11-09,3.587591823696112
2023-11-10,3.690787165892954
2023-11-13,3.6729734900029145
2023-11-14,3.7474034707642305
2023-11-15,3.7445534241440086
2023-11-16,3.7966234993710612
2023-11-17,3.780224973365814
2023-11-20,3.8451081770659883
2023-11-21,3.8139192307774845
2023-11-22,3.81438297018817
2023-11-24,3.7874691740266107
2023-11-27,3.7964860764918162
2023-11-28,3.807278245639635
2023-11-29,3.798255968461363
2023-11-30,3.785851962946828
2023-12-01,3.7877240037009106
2023-12-04,3.735031894068338
2023-12-05,3.7926339570810415
2023-12-06,3.741522689437562
2023-12-07,3.7908421712089124
2023-12-08,3.84004157647903
2023-12-11,3.802494608662829
2023-12-12,3.852900830895054
2023-12-13,3.8943837620488875
2023-12-14,3.8887706380808593
2023-12-15,3.916728658243607
2023-12-18,3.945128943243577
2023-12-19,3.9588546606085515
2023-12-20,3.8882562815540735
2023-12-21,3.9259403421724404
2023-12-22,3.920363225975297
2023-12-26,3.933662024935731
2023-12-27,3.9408986849795085
2023-12-28,3.9539614907448515
2023-12-29,3.9467276101127533
2024-01-02,3.8629030330944225
2024-01-03,3.831684449728706
2024-01-04,3.8188635009286376
2024-01-05,3.840091101180165
2024-01-08,3.9637136497629912
2024-01-09,3.974383884273297
2024-01-10,4.03298313318944
2024-01-11,4.040273200052615
2024-01-12,4.04800871961356
2024-01-16,4.061639025202106
2024-01-17,4.038303380649552
2024-01-18,4.120719376970085
2024-01-19,4.221794153708749
2024-01-22,4.234197428088176
2024-01-23,4.251754320054937
2024-01-24,4.2932482952033295
2024-01-25,4.318677361108579
2024-01-26,4.289431098982913
2024-01-29,4.3368564003180925
2024-01-30,4.328565595508519
2024-01-31,4.224009095122474
2024-02-01,4.294694443006507
2024-02-02,4.377500889449371
2024-02-05,4.42009406176535
2024-02-06,4.41907242417922
2024-02-07,4.48657322929349
2024-02-08,4.4691171774786245
2024-02-09,4.540845924565899
2024-02-12,4.516057868976635
2024-02-13,4.450392079025341
2024-02-14,4.499522960919383
2024-02-15,4.492721351123011
2024-02-16,4.464069977083466
2024-02-20,4.405276842775214
2024-02-21,4.38407972827629
2024-02-22,4.633917836486553
2024-02-23,4.6241352553089845
2024-02-26,4.602011002642723
2024-02-27,4.609602920369942
2024-02-28,4.58949388796091
2024-02-29,4.636133810909655
2024-03-01,4.683535682818983
2024-03-04,4.691835377577559
2024-03-05,4.6190686570990325
2024-03-06,4.653276913742151
2024-03-07,4.72863762582628
2024-03-08,4.665958047578014
2024-03-11,4.653666788424087
2024-03-12,4.792222301501789
2024-03-13,4.766807643643943
2024-03-14,4.763228140757469
2024-03-15,4.733622629683222
2024-03-18,4.769700243126955
2024-03-19,4.825620220020835
2024-03-20,4.892475026965429
2024-03-21,4.875702130287785
2024-03-22,4.905553741466555
2024-03-25,4.871424976602085
2024-03-26,4.829745430253729
2024-03-27,4.855071763776115
2024-03-28,4.841790376113675
2024-04-01,4.83542208135453
2024-04-02,4.796773385818578
2024-04-03,4.792503498887361
2024-04-04,4.719516028802364
2024-04-05,4.796954251515817
2024-04-08,4.77762521517367
2024-04-09,4.765437826917701
2024-04-10,4.745905608730951
2024-04-11,4.877467909112578
2024-04-12,4.7687260808641225
2024-04-15,4.670005423555325
2024-04-16,4.653431677441833
2024-04-17,4.580460586145377
2024-04-18,4.559008071041464
2024-04-19,4.426754503872716
2024-04-22,4.510487371238869
2024-04-23,4.603988203864512
2024-04-24,4.593278852062852
2024-04-25,4.60578525522444
2024-04-26,4.704212064256293
2024-04-29,4.727692480940097
2024-04-30,4.617394954981079
2024-05-01,4.583226184645506
2024-05-02,4.6685168950885325
2024-05-03,4.829401385412043
2024-05-06,4.900655891962501
2024-05-07,4.870786092126594
2024-05-08,4.8939793702949865
2024-05-09,4.90686968888233
2024-05-10,4.927256083878543
2024-05-13,4.956571299600199
2024-05-14,5.005196987318199
2024-05-15,5.106667295213555
2024-05-16,5.096340546733194
2024-05-17,5.081257903123277
2024-05-20,5.0994759239776135
2024-05-21,5.151671925283686
2024-05-22,5.131506493195808
2024-05-23,5.187816640140372
2024-05-24,5.280764438194494
2024-05-28,5.364095018232665
2024-05-29,5.359345109594423
2024-05-30,5.26562565244569
2024-05-31,5.2895121043817745
2024-06-03,5.356549503924136
2024-06-04,5.3733549291716125
2024-06-05,5.484180833719448
2024-06-06,5.457609832170788
2024-06-07,5.487670202055594
2024-06-10,5.483030496769041
2024-06-11,5.586499598826436
2024-06-12,5.705916516622626
2024-06-13,5.777551906261104
2024-06-14,5.792499776836928
2024-06-17,5.853305976684589
2024-06-18,5.888128386389741
2024-06-20,5.805792437598817
2024-06-21,5.746232541302976
2024-06-24,5.663430026660474
2024-06-25,5.77289887894587
2024-06-26,5.812611143364773
2024-06-27,5.806637303003135
2024-06-28,5.763690051804725
2024-07-01,5.876314664220655
2024-07-02,5.919706491460533
2024-07-03,6.0025985132193895
2024-07-05,6.0316368848486315
2024-07-08,6.067831012156427
2024-07-09,6.0979156898777145
2024-07-10,6.206741662727277
2024-07-11,6.028896499740223
2024-07-12,6.061581914007811
2024-07-15,6.113318310622913
2024-07-16,6.100534302693941
2024-07-17,5.939140795738347
2024-07-18,5.886591595222549
2024-07-19,5.831058580256018
2024-07-22,5.929169307000538
2024-07-23,5.932720310833725
2024-07-24,5.694242637249535
2024-07-25,5.617299140340436
2024-07-26,5.685329913474307
2024-07-29,5.6698523008458075
2024-07-30,5.58080730127373
2024-07-31,5.761402615757278
2024-08-01,5.600395670559021
2024-08-02,5.493756216727395
2024-08-05,5.230864098020052
2024-08-06,5.315107530845514
2024-08-07,5.259433970551407
2024-08-08,5.417747556972437
2024-08-09,5.462817107502246
2024-08-12,5.532516635215518
2024-08-13,5.699257472030649
2024-08-14,5.7508590592468956
2024-08-15,5.871973190780421
2024-08-16,5.90503849883934
2024-08-19,5.9935900633355494
2024-08-20,5.976129156681193
2024-08-21,5.990264711395018
2024-08-22,5.890338649320187
2024-08-23,5.994898407759155
2024-08-26,5.953837565243656
2024-08-27,5.988288564282051
2024-08-28,5.932706997693797
2024-08-29,5.884484664049743
2024-08-30,5.938052811441845
2024-09-03,5.684427899486864
2024-09-04,5.639196495768873
2024-09-05,5.6509858743071835
2024-09-06,5.5172486270823295
2024-09-09,5.611318269113951
2024-09-10,5.612983490457928
2024-09-11,5.793445808899427
2024-09-12,5.841703292594124
2024-09-13,5.8475854831079355
2024-09-16,5.7956540911631365
2024-09-17,5.807735107452861
2024-09-18,5.783806431544158
2024-09-19,5.963371399102849
2024-09-20,5.92383062968856
2024-09-23,5.911130493669363
2024-09-24,5.959209645976352
2024-09-25,5.984667013041138
2024-09-26,5.998409585821612
2024-09-27,5.9594301726802055
2024-09-30,6.01491947524204
2024-10-01,5.844862446903592
2024-10-02,5.858013270969121
2024-10-03,5.881254777489082
2024-10-04,5.957092308108391
2024-10-07,5.91096978921527
2024-10-08,6.029447277898191
2024-10-09,6.08856920881113
2024-10-10,6.096166771044095
2024-10-11,6.140202704810877
2024-10-14,6.221209617218474
2024-10-15,6.167746495970237
2024-10-16,6.196269248183077
2024-10-17,6.218423666743906
2024-10-18,6.266843534010314
2024-10-21,6.327861840595747
2024-10-22,6.364961431609776
2024-10-23,6.257679464927745
2024-10-24,6.275586672713981
2024-10-25,6.295241106777181
2024-10-28,6.312850601534689
2024-10-29,6.334662138819149
2024-10-30,6.293397992922539
2024-10-31,6.047365550047436
2024-11-01,6.078747114798673
2024-11-04,6.052823905337383
2024-11-05,6.138254459717996
2024-11-06,6.378644135368771
2024-11-07,6.434970036447331
2024-11-08,6.415311758126108
2024-11-11,6.3612316845194075
2024-11-12,6.411858027579528
2024-11-13,6.416490898299177
2024-11-14,6.4504830274207166
2024-11-15,6.325371057490685
2024-11-18,6.33766994259459
2024-11-19,6.415860234984648
2024-11-20,6.390007982619746
2024-11-21,6.4103362554631715
2024-11-22,6.412774784324742
2024-11-25,6.39453655329882
2024-11-26,6.466691769404737
2024-11-27,6.422419111940505
2024-11-29,6.48196044110969
2024-12-02,6.52351901434035
2024-12-03,6.560163555632518
2024-12-04,6.643302879578304
2024-12-05,6.673427797587148
2024-12-06,6.659244968210301
2024-12-09,6.639208610292737
2024-12-10,6.586392793679165
2024-12-11,6.660374274071381
2024-12-12,6.6372045085713784
2024-12-13,6.586652642293828
2024-12-16,6.60493697685023
2024-12-17,6.606439065153023
2024-12-18,6.404758541714095
2024-12-19,6.448700850618427
2024-12-20,6.563409122684856
2024-12-23,6.629736846652215
2024-12-24,6.707059143397706
2024-12-26,6.708676309538706
2024-12-27,6.596100437569915
2024-12-30,6.52935019649414
2024-12-31,6.463993971454161
