"date","portfolio_daily_return"
2019-01-03,-0.05189360380172729
2019-01-04,0.04566741585731506
2019-01-07,0.011637559533119202
2019-01-08,0.002725863456726074
2019-01-09,0.012201160192489624
2019-01-10,0.0034238070249557498
2019-01-11,-0.0000865310430527
2019-01-14,-0.002788388729095459
2019-01-15,0.014429062604904175
2019-01-16,0.004133152961730957
2019-01-17,0.00886257290840149
2019-01-18,0.01658399701118469
2019-01-22,-0.025115731358528137
2019-01-23,0.004081568121910095
2019-01-24,0.008445227146148683
2019-01-25,0.015712887048721313
2019-01-28,-0.03526735603809357
2019-01-29,-0.01675194799900055
2019-01-30,0.03695768713951111
2019-01-31,0.0064860224723815914
2019-02-01,-0.0018434345722198487
2019-02-04,0.02203994989395142
2019-02-05,0.008775919675827026
2019-02-06,0.0011093825101852423
2019-02-07,-0.017217335104942322
2019-02-08,0.0009499818086624
2019-02-11,-0.005380114912986756
2019-02-12,0.016981989145278934
2019-02-13,0.002240049839019775
2019-02-14,0.001972422003746033
2019-02-15,0.012386354804039
2019-02-19,-0.0005235344171524
2019-02-20,0.0037774413824081424
2019-02-21,-0.0004890829324722
2019-02-22,0.011008819937705994
2019-02-25,0.004365205764770508
2019-02-26,-0.0013878047466278076
2019-02-27,-0.002049556374549866
2019-02-28,-0.005466818809509277
2019-03-01,0.0076201558113098145
2019-03-04,0.0001889258623123
2019-03-05,-0.00235288143157959
2019-03-06,-0.008508723974227906
2019-03-07,-0.011945512890815736
2019-03-08,0.0024734169244766237
2019-03-11,0.03197595477104187
2019-03-12,0.006392127275466919
2019-03-13,0.01204589605331421
2019-03-14,0.000615319609642
2019-03-15,0.013730132579803465
2019-03-18,0.006564533710479736
2019-03-19,0.0056826680898666385
2019-03-20,-0.003236567974090576
2019-03-21,0.02521795928478241
2019-03-22,-0.026193210482597352
2019-03-25,-0.007272273302078247
2019-03-26,0.004123866558074951
2019-03-27,-0.0018818318843841554
2019-03-28,0.0037947475910186765
2019-03-29,0.008115589618682861
2019-04-01,0.013848340511322022
2019-04-02,0.005571573972702026
2019-04-03,0.010027551651000976
2019-04-04,0.0006293624639511
2019-04-05,0.006012147665023804
2019-04-08,0.0054958462715148934
2019-04-09,-0.006619060039520263
2019-04-10,0.007495951652526855
2019-04-11,-0.0011473566293716431
2019-04-12,0.007636946439743041
2019-04-15,-0.006741118431091308
2019-04-16,0.004928576946258544
2019-04-17,0.009914034605026245
2019-04-18,0.0023191660642623907
2019-04-22,0.004255932569503784
2019-04-23,0.010867536067962646
2019-04-24,-0.0013014167547225953
2019-04-25,0.0015405923128128049
2019-04-26,-0.007364729046821595
2019-04-29,0.003938263654708862
2019-04-30,-0.0013663887977600094
2019-05-01,0.004201155900955201
2019-05-02,-0.0018756210803985594
2019-05-03,0.010630673170089722
2019-05-06,-0.010716459155082703
2019-05-07,-0.024320262670516967
2019-05-08,-0.0000380963087082
2019-05-09,-0.007569077610969544
2019-05-10,-0.0010861873626708987
2019-05-13,-0.04209771752357483
2019-05-14,0.013834941387176515
2019-05-15,0.0037865489721298213
2019-05-16,0.008751049637794495
2019-05-17,-0.0093548983335495
2019-05-20,-0.017742657661437986
2019-05-21,0.012366175651550295
2019-05-22,-0.0089722216129303
2019-05-23,-0.0183812290430069
2019-05-24,-0.00196954607963562
2019-05-28,-0.0067220360040664675
2019-05-29,-0.009203302860260009
2019-05-30,0.0001527070999146
2019-05-31,-0.01741524934768677
2019-06-03,-0.0124435693025589
2019-06-04,0.03773309588432312
2019-06-05,0.00888243317604065
2019-06-06,0.012465620040893554
2019-06-07,0.015905261039733887
2019-06-10,0.011815452575683593
2019-06-11,0.0055040538311004646
2019-06-12,-0.010162261128425599
2019-06-13,0.005334246158599854
2019-06-14,-0.0062356054782867435
2019-06-17,0.002023455500602722
2019-06-18,0.024669009447097778
2019-06-19,-0.0001817911863327
2019-06-20,0.007425731420516968
2019-06-21,-0.0050916850566864015
2019-06-24,0.001160162687301636
2019-06-25,-0.015942031145095827
2019-06-26,0.017468792200088498
2019-06-27,0.00635066032409668
2019-06-28,0.003444689512252808
2019-07-01,0.014041703939437865
2019-07-02,-0.0010712087154388429
2019-07-03,0.005283966660499573
2019-07-05,-0.003324365615844727
2019-07-08,-0.010749325156211853
2019-07-09,0.001564404368400574
2019-07-10,0.008795088529586792
2019-07-11,0.008733719587326052
2019-07-12,0.006672793626785278
2019-07-15,0.0001715421676636
2019-07-16,-0.00324496328830719
2019-07-17,-0.0022279739379882806
2019-07-18,0.005113047361373902
2019-07-19,-0.007721734046936035
2019-07-22,0.013778001070022583
2019-07-23,0.012390142679214478
2019-07-24,0.007089635729789734
2019-07-25,-0.010983392596244812
2019-07-26,0.006535637378692627
2019-07-29,0.0007500052452087
2019-07-30,-0.002262657880783081
2019-07-31,-0.010947051644325257
2019-08-01,-0.011893323063850403
2019-08-02,-0.013056290149688721
2019-08-05,-0.04352943897247315
2019-08-06,0.014771902561187746
2019-08-07,0.0025340557098388673
2019-08-08,0.023348838090896606
2019-08-09,-0.010525760054588319
2019-08-12,-0.012303072214126586
2019-08-13,0.026480239629745484
2019-08-14,-0.03329750597476959
2019-08-15,-0.0025689035654067995
2019-08-16,0.030792635679244996
2019-08-19,0.026069754362106325
2019-08-20,-0.008527073264122009
2019-08-21,0.011138945817947388
2019-08-22,-0.0002375900745392
2019-08-23,-0.037642601132392886
2019-08-26,0.015177977085113526
2019-08-27,-0.008872413635253906
2019-08-28,0.0033862084150314328
2019-08-29,0.021439409255981444
2019-08-30,0.0006294280290604
2019-09-03,-0.01358107626438141
2019-09-04,0.01626787781715393
2019-09-05,0.02763776183128357
2019-09-06,-0.002495962381362915
2019-09-09,0.004089954495429993
2019-09-10,0.005180579423904419
2019-09-11,0.01075507402420044
2019-09-12,0.003388345241546631
2019-09-13,-0.004904213547706605
2019-09-16,-0.004187962412834168
2019-09-17,0.0034448087215423586
2019-09-18,0.004792207479476928
2019-09-19,-0.0012931019067764283
2019-09-20,-0.012658712267875672
2019-09-23,0.003028282523155213
2019-09-24,-0.010126161575317382
2019-09-25,0.01580181121826172
2019-09-26,-0.0035107493400573734
2019-09-27,-0.010675904154777526
2019-09-30,0.011590769886970519
2019-10-01,-0.00742453932762146
2019-10-02,-0.017419666051864624
2019-10-03,0.015723857283592223
2019-10-04,0.01639004945755005
2019-10-07,-0.0001355618238449
2019-10-08,-0.018949079513549804
2019-10-09,0.014104008674621584
2019-10-10,0.010611265897750854
2019-10-11,0.015016269683837891
2019-10-14,0.0002215027809143
2019-10-15,0.019592544436454775
2019-10-16,-0.005848547816276551
2019-10-17,0.0010532379150390626
2019-10-18,-0.007186344265937805
2019-10-21,0.016724032163619996
2019-10-22,-0.0036846905946731567
2019-10-23,0.005251139402389526
2019-10-24,0.00728132426738739
2019-10-25,0.014106774330139162
2019-10-28,0.012267607450485229
2019-10-29,-0.012022224068641663
2019-10-30,0.002793097496032715
2019-10-31,0.0001922369003296
2019-11-01,0.014115428924560547
2019-11-04,0.012694251537322999
2019-11-05,-0.0012004435062408449
2019-11-06,-0.0022079914808273314
2019-11-07,0.005255955457687377
2019-11-08,0.003901129961013794
2019-11-11,0.00180586576461792
2019-11-12,0.002226269245147705
2019-11-13,0.00107000470161438
2019-11-14,0.0010711967945098875
2019-11-15,0.0030264794826507565
2019-11-18,0.011174112558364868
2019-11-19,-0.00480593740940094
2019-11-20,-0.0019257992506027221
2019-11-21,-0.002195930480957031
2019-11-22,0.001966434717178345
2019-11-25,0.018876838684082034
2019-11-26,-0.003890922665596009
2019-11-27,0.0062391400337219235
2019-11-29,-0.004365268349647522
2019-12-02,-0.014428627490997315
2019-12-03,-0.00931251049041748
2019-12-04,0.008690255880355834
2019-12-05,0.004237562417984009
2019-12-06,0.014752340316772462
2019-12-09,-0.005313760042190552
2019-12-10,0.0027202457189559937
2019-12-11,0.006284847855567932
2019-12-12,0.01495344638824463
2019-12-13,0.004206374287605286
2019-12-16,0.008544611930847167
2019-12-17,0.0028806835412979125
2019-12-18,-0.0001882821321487
2019-12-19,0.0074705004692077635
2019-12-20,0.006070217490196228
2019-12-23,0.003805434703826904
2019-12-24,0.0004427641630173
2019-12-26,0.009877139329910278
2019-12-27,-0.0015070229768753053
2019-12-30,-0.0058894485235214235
2019-12-31,0.005764085054397583
2020-01-02,0.01747300624847412
2020-01-03,-0.01186000406742096
2020-01-06,0.0039299756288528435
2020-01-07,-0.004005852341651916
2020-01-08,0.010348278284072875
2020-01-09,0.012194919586181642
2020-01-10,-0.0014485538005828856
2020-01-13,0.016895037889480588
2020-01-14,-0.007346549630165101
2020-01-15,-0.002744284272193909
2020-01-16,0.012278121709823609
2020-01-17,0.005953413248062134
2020-01-21,-0.005436941981315614
2020-01-22,0.0012843966484069826
2020-01-23,0.004960262775421142
2020-01-24,-0.010180276632308959
2020-01-27,-0.023406505584716797
2020-01-28,0.022739440202713013
2020-01-29,0.006824159622192383
2020-01-30,0.009251469373703004
2020-01-31,-0.029026433825492862
2020-02-03,0.010966065526008607
2020-02-04,0.026587080955505375
2020-02-05,0.00895325243473053
2020-02-06,0.011417782306671143
2020-02-07,-0.006415736675262451
2020-02-10,0.018516176939010618
2020-02-11,-0.0028671950101852414
2020-02-12,0.010740911960601807
2020-02-13,-0.004715782403945923
2020-02-14,0.016117572784423828
2020-02-18,0.0002647697925568
2020-02-19,0.01935995817184448
2020-02-20,-0.010811913013458251
2020-02-21,-0.026417988538742068
2020-02-24,-0.045799657702445984
2020-02-25,-0.03205386698246002
2020-02-26,0.011263507604598998
2020-02-27,-0.058069008588790896
2020-02-28,0.012608063220977784
2020-03-02,0.05810503959655762
2020-03-03,-0.037469121813774105
2020-03-04,0.04479209184646606
2020-03-05,-0.034615764021873476
2020-03-06,-0.025924143195152287
2020-03-09,-0.08423499464988708
2020-03-10,0.06726202368736267
2020-03-11,-0.04557294249534607
2020-03-12,-0.09958780109882354
2020-03-13,0.12801618576049806
2020-03-16,-0.14477436244487765
2020-03-17,0.07009509801864625
2020-03-18,-0.053330677747726436
2020-03-19,0.015046447515487671
2020-03-20,-0.04167074263095855
2020-03-23,-0.012923696637153625
2020-03-24,0.1135499656200409
2020-03-25,0.0012154579162597652
2020-03-26,0.057462877035141
2020-03-27,-0.03927601277828217
2020-03-30,0.04366894364356995
2020-03-31,-0.013743171095848083
2020-04-01,-0.05380561947822571
2020-04-02,0.028614014387130734
2020-04-03,-0.021547245979309085
2020-04-06,0.08021238446235657
2020-04-07,-0.010438820719718933
2020-04-08,0.026113873720169066
2020-04-09,0.01456192135810852
2020-04-13,0.0026749312877655043
2020-04-14,0.0357612133026123
2020-04-15,-0.017676803469657897
2020-04-16,0.01436920762062073
2020-04-17,0.014731273055076599
2020-04-20,-0.021861404180526733
2020-04-21,-0.039192935824394225
2020-04-22,0.03185827732086182
2020-04-23,-0.005417102575302124
2020-04-24,0.02001744508743286
2020-04-27,0.013261976838111877
2020-04-28,-0.013621181249618532
2020-04-29,0.03227582573890686
2020-04-30,-0.0009746491909027
2020-05-01,-0.024901050329208377
2020-05-04,0.014299234747886658
2020-05-05,0.009276369214057924
2020-05-06,0.003961277008056641
2020-05-07,0.012165051698684691
2020-05-08,0.01735847592353821
2020-05-11,0.008812716603279114
2020-05-12,-0.022933045029640196
2020-05-13,-0.015199390053749085
2020-05-14,0.017085343599319458
2020-05-15,0.011539614200592041
2020-05-18,0.02690560817718506
2020-05-19,-0.006404852867126465
2020-05-20,0.01911401748657227
2020-05-21,-0.012149709463119508
2020-05-22,0.006559690833091735
2020-05-26,0.0013220667839050296
2020-05-27,0.007923603057861326
2020-05-28,-0.0038621962070465093
2020-05-29,0.008299118280410767
2020-06-01,0.0035358011722564694
2020-06-02,0.006177079677581787
2020-06-03,0.010814183950424194
2020-06-04,-0.0026934027671813967
2020-06-05,0.027066421508789063
2020-06-08,0.005255669355392456
2020-06-09,0.010313996672630311
2020-06-10,0.01587997078895569
2020-06-11,-0.05877234935760498
2020-06-12,0.013130128383636475
2020-06-15,0.013564485311508178
2020-06-16,0.014544320106506347
2020-06-17,-0.0002033859491348
2020-06-18,0.0016303598880767823
2020-06-19,-0.004550629854202271
2020-06-22,0.018554648756980895
2020-06-23,0.007915133237838745
2020-06-24,-0.0228270947933197
2020-06-25,0.018826669454574587
2020-06-26,-0.03153102099895477
2020-06-29,0.012300479412078858
2020-06-30,0.018578207492828368
2020-07-01,0.0014430195093154906
2020-07-02,0.0049444794654846195
2020-07-06,0.022895866632461546
2020-07-07,-0.008800652623176575
2020-07-08,0.02103474736213684
2020-07-09,0.004459884762763978
2020-07-10,0.008844590187072754
2020-07-13,-0.01617359220981598
2020-07-14,0.01494782567024231
2020-07-15,0.002160704135894774
2020-07-16,-0.009908807277679442
2020-07-17,-0.002802783250808715
2020-07-20,0.0219746857881546
2020-07-21,-0.0067137181758880615
2020-07-22,0.006197583675384521
2020-07-23,-0.02952204942703247
2020-07-24,-0.002898368239402771
2020-07-27,0.012533000111579894
2020-07-28,-0.010605853796005248
2020-07-29,0.01769339442253113
2020-07-30,0.0011290609836578371
2020-07-31,0.028144973516464233
2020-08-03,0.02801629900932312
2020-08-04,0.0015890955924987788
2020-08-05,0.005084466934204101
2020-08-06,0.014638590812683107
2020-08-07,-0.00914652943611145
2020-08-10,0.0003907710313797
2020-08-11,-0.015422409772872925
2020-08-12,0.027150371670722963
2020-08-13,0.002785104513168335
2020-08-14,0.0021946758031845095
2020-08-17,0.010889807343482973
2020-08-18,0.0005184650421143
2020-08-19,-0.0034708380699157715
2020-08-20,0.010077476501464845
2020-08-21,0.02045736312866211
2020-08-24,0.01009904146194458
2020-08-25,0.0028536200523376467
2020-08-26,0.00856488347053528
2020-08-27,0.006146195530891418
2020-08-28,0.011977872252464295
2020-08-31,0.0039267480373382565
2020-09-01,0.019963479042053225
2020-09-02,0.011674436926841737
2020-09-03,-0.05969138443470001
2020-09-04,-0.0073652982711792
2020-09-08,-0.05090432465076447
2020-09-09,0.038470113277435304
2020-09-10,-0.025660043954849245
2020-09-11,-0.005365949869155884
2020-09-14,0.02488071918487549
2020-09-15,0.002424928545951844
2020-09-16,-0.01914142668247223
2020-09-17,-0.010449552536010744
2020-09-18,-0.017482289671897886
2020-09-21,0.009339681267738343
2020-09-22,0.01176864504814148
2020-09-23,-0.03276610970497131
2020-09-24,0.009777474403381349
2020-09-25,0.02732750177383423
2020-09-28,0.017229402065277098
2020-09-29,-0.0036477297544479366
2020-09-30,0.014664989709854125
2020-10-01,0.007942670583724975
2020-10-02,-0.023561683297157292
2020-10-05,0.02749287486076355
2020-10-06,-0.014778435230255127
2020-10-07,0.01754135489463806
2020-10-08,0.003273358941078186
2020-10-09,0.00994439125061035
2020-10-12,0.03333878517150879
2020-10-13,-0.008080008625984191
2020-10-14,-0.005981376767158509
2020-10-15,-0.002066078782081604
2020-10-16,-0.006169596314430237
2020-10-19,-0.02192758023738861
2020-10-20,0.007446670532226563
2020-10-21,-0.004735150933265686
2020-10-22,0.0014086365699768066
2020-10-23,0.005322292447090149
2020-10-26,-0.020181956887245178
2020-10-27,0.007681995630264283
2020-10-28,-0.04480129778385162
2020-10-29,0.02057039141654968
2020-10-30,-0.024497395753860476
2020-11-02,0.005428865551948547
2020-11-03,0.02325589060783386
2020-11-04,0.03294136822223663
2020-11-05,0.03120814561843872
2020-11-06,0.0038431346416473388
2020-11-09,-0.0015445590019226069
2020-11-10,-0.022537556290626527
2020-11-11,0.02317497730255127
2020-11-12,-0.004587465524673462
2020-11-13,0.001988255977630615
2020-11-16,0.012400388717651367
2020-11-17,-0.008783629536628722
2020-11-18,-0.00896310806274414
2020-11-19,0.004085367918014527
2020-11-20,-0.012686178088188171
2020-11-23,-0.0017503201961517334
2020-11-24,0.013939327001571654
2020-11-25,0.004353481531143189
2020-11-27,0.0026189565658569338
2020-11-30,0.0012456387281417852
2020-12-01,0.014041876792907713
2020-12-02,0.005266615748405456
2020-12-03,-0.004754596948623657
2020-12-04,0.0038128584623336793
2020-12-07,0.0028289854526519775
2020-12-08,0.0000922501087189
2020-12-09,-0.018892690539360046
2020-12-10,0.0011126339435577393
2020-12-11,0.0011408448219299315
2020-12-14,0.0021043986082077025
2020-12-15,0.01780768632888794
2020-12-16,0.004781320691108704
2020-12-17,0.0029875248670578
2020-12-18,-0.007284975051879883
2020-12-21,0.013676038384437561
2020-12-22,0.0052870303392410275
2020-12-23,-0.004729166626930237
2020-12-24,0.003570577502250671
2020-12-28,0.012255215644836427
2020-12-29,-0.0042394489049911496
2020-12-30,-0.0011235415935516354
2020-12-31,0.0003364622592926
2021-01-04,-0.014058658480644226
2021-01-05,0.009623324871063231
2021-01-06,-0.01874814033508301
2021-01-07,0.034365522861480716
2021-01-08,0.0036934494972229
2021-01-11,-0.001816025376319885
2021-01-12,-0.002910006046295166
2021-01-13,0.006936860084533691
2021-01-14,-0.012166771292686462
2021-01-15,-0.01281183362007141
2021-01-19,0.008918944001197816
2021-01-20,0.022393769025802614
2021-01-21,0.016253706812858582
2021-01-22,0.001184150576591492
2021-01-25,0.008737054467201234
2021-01-26,-0.0005709886550903
2021-01-27,-0.016918092966079712
2021-01-28,0.003719145059585571
2021-01-29,-0.022249823808670043
2021-02-01,0.01982925534248352
2021-02-02,0.013007643818855287
2021-02-03,0.0031466782093048096
2021-02-04,0.012554723024368287
2021-02-05,-0.0013528376817703248
2021-02-08,0.016459548473358156
2021-02-09,-0.0034333139657974246
2021-02-10,0.0049317508935928355
2021-02-11,0.0076529145240783695
2021-02-12,0.0000323295593262
2021-02-16,0.0030711024999618536
2021-02-17,-0.008354791998863222
2021-02-18,-0.0037439018487930294
2021-02-19,0.0009702444076538
2021-02-22,-0.02154451906681061
2021-02-23,-0.003190729022026062
2021-02-24,0.009699738025665284
2021-02-25,-0.03670754730701446
2021-02-26,0.005624300241470337
2021-03-01,0.02725422382354736
2021-03-02,-0.016414019465446475
2021-03-03,-0.020919871330261228
2021-03-04,-0.015812796354293824
2021-03-05,0.012637883424758911
2021-03-08,-0.027656656503677365
2021-03-09,0.03433668613433838
2021-03-10,-0.0003827333450317
2021-03-11,0.018354901671409605
2021-03-12,-0.0034969121217727664
2021-03-15,0.010478112101554872
2021-03-16,0.005804595351219178
2021-03-17,0.0004904121160507
2021-03-18,-0.024123948812484742
2021-03-19,-0.0022493481636047356
2021-03-22,0.01567237973213196
2021-03-23,-0.0044704735279083255
2021-03-24,-0.01337275207042694
2021-03-25,-0.0012103170156478884
2021-03-26,0.015505027770996093
2021-03-29,-0.0016482472419738767
2021-03-30,-0.0064825773239135746
2021-03-31,0.014745500683784486
2021-04-01,0.018739557266235354
2021-04-05,0.018319493532180788
2021-04-06,-0.003543645143508911
2021-04-07,0.011997789144515991
2021-04-08,0.01150917410850525
2021-04-09,0.011001241207122802
2021-04-12,0.0077244013547897354
2021-04-13,0.013439714908599855
2021-04-14,-0.015717834234237674
2021-04-15,0.022327017784118653
2021-04-16,-0.0006075769662857
2021-04-19,-0.008945685625076293
2021-04-20,-0.010570907592773439
2021-04-21,0.008168643712997437
2021-04-22,-0.017365273833274842
2021-04-23,0.018464601039886477
2021-04-26,0.004597383737564086
2021-04-27,-0.0007994651794434
2021-04-28,-0.009014663100242615
2021-04-29,0.002300465106964111
2021-04-30,-0.01054370403289795
2021-05-03,-0.0006805747747421
2021-05-04,-0.018282783031463624
2021-05-05,0.0026667982339859007
2021-05-06,0.011616009473800658
2021-05-07,0.009653240442276001
2021-05-10,-0.020562732219696046
2021-05-11,-0.006077739596366882
2021-05-12,-0.025450903177261352
2021-05-13,0.013000142574310303
2021-05-14,0.02331831455230713
2021-05-17,-0.006173151731491088
2021-05-18,-0.010472601652145386
2021-05-19,-0.0005274057388306
2021-05-20,0.01783527433872223
2021-05-21,0.0017543107271194465
2021-05-24,0.019664204120635985
2021-05-25,-0.0008810877799988
2021-05-26,0.0006199270486832
2021-05-27,-0.005547401309013367
2021-05-28,0.00897083878517151
2021-06-01,-0.0011778026819229128
2021-06-02,0.008030316233634949
2021-06-03,-0.002820512652397156
2021-06-04,0.018711441755294798
2021-06-07,0.0026454776525497437
2021-06-08,-0.0019579440355300902
2021-06-09,-0.0014034360647201538
2021-06-10,0.0007206112146378
2021-06-11,0.007828885316848755
2021-06-14,0.008044743537902832
2021-06-15,-0.008187142014503478
2021-06-16,0.0004959255456924
2021-06-17,0.01170176863670349
2021-06-18,-0.009948796033859253
2021-06-21,0.009032851457595826
2021-06-22,0.011485978960990906
2021-06-23,0.0017849653959274292
2021-06-24,0.004618719220161438
2021-06-25,-0.0018972814083099364
2021-06-28,0.017227518558502197
2021-06-29,0.005682164430618286
2021-06-30,0.0019412189722061153
2021-07-01,0.005622297525405884
2021-07-02,0.014191552996635437
2021-07-06,0.0029614001512527468
2021-07-07,0.004081648588180541
2021-07-08,-0.01295642554759979
2021-07-09,0.011615943908691407
2021-07-12,0.005686977505683899
2021-07-13,-0.0000300318002701
2021-07-14,0.0030648559331893925
2021-07-15,-0.011438721418380737
2021-07-16,-0.016861215233802795
2021-07-19,-0.01033796966075897
2021-07-20,0.011737805604934691
2021-07-21,0.013524264097213745
2021-07-22,0.006934502720832825
2021-07-23,0.006968975067138671
2021-07-26,-0.0011372566223144533
2021-07-27,-0.007668942213058472
2021-07-28,-0.0000704318284988
2021-07-29,0.0049207210540771484
2021-07-30,-0.004592278599739074
2021-08-02,0.0009950667619705
2021-08-03,0.00876525640487671
2021-08-04,0.001049536466598511
2021-08-05,0.009238654375076295
2021-08-06,0.0006384521722794
2021-08-09,-0.002042517066001892
2021-08-10,-0.003988367319107056
2021-08-11,0.0006761014461517
2021-08-12,0.010812371969223022
2021-08-13,0.004413387179374695
2021-08-16,0.0018919050693511964
2021-08-17,-0.010556235909461975
2021-08-18,-0.0152094304561615
2021-08-19,0.012715664505958556
2021-08-20,0.02083830833435059
2021-08-23,0.017013829946517945
2021-08-24,-0.002152314782142639
2021-08-25,0.0046518266201019285
2021-08-26,-0.005216246843338013
2021-08-27,0.010017210245132448
2021-08-30,0.0095502108335495
2021-08-31,-0.006830850243568421
2021-09-01,0.0014425158500671388
2021-09-02,0.0020609110593795775
2021-09-03,0.004097899794578553
2021-09-07,0.0006909936666489
2021-09-08,-0.006198179721832276
2021-09-09,-0.005580514669418335
2021-09-10,-0.009763213992118836
2021-09-13,0.0019218802452087406
2021-09-14,-0.0026483386754989624
2021-09-15,0.008914560079574585
2021-09-16,-0.0012649863958358765
2021-09-17,-0.01389462947845459
2021-09-20,-0.02416236102581024
2021-09-21,0.002419593930244446
2021-09-22,0.018302232027053833
2021-09-23,0.014324390888214111
2021-09-24,-0.0016111731529235842
2021-09-27,-0.007581064105033874
2021-09-28,-0.027706009149551396
2021-09-29,0.0004206418991089
2021-09-30,-0.0060952544212341305
2021-10-01,0.013584738969802855
2021-10-04,-0.02316589653491974
2021-10-05,0.01982666254043579
2021-10-06,0.00872151255607605
2021-10-07,0.009624963998794556
2021-10-08,-0.003154933452606201
2021-10-11,-0.006229570508003235
2021-10-12,-0.005176112055778503
2021-10-13,0.0010454028844833377
2021-10-14,0.02302228808403015
2021-10-15,0.008174365758895874
2021-10-18,0.009166112542152407
2021-10-19,0.008123195171356202
2021-10-20,0.0011064410209655762
2021-10-21,0.007637175917625427
2021-10-22,-0.0004465162754059
2021-10-25,0.003026211261749268
2021-10-26,0.016679161787033082
2021-10-27,0.003800460696220398
2021-10-28,0.014877116680145262
2021-10-29,0.005975094437599183
2021-11-01,-0.0008855223655701
2021-11-02,0.01027606725692749
2021-11-03,0.005563569068908691
2021-11-04,0.02377278506755829
2021-11-05,0.0005908340215683
2021-11-08,0.007405000925064088
2021-11-09,-0.002742570638656616
2021-11-10,-0.01778843998908997
2021-11-11,0.007507511973381043
2021-11-12,0.0072713553905487055
2021-11-15,-0.003086352348327637
2021-11-16,0.004924380779266357
2021-11-17,-0.003117311000823975
2021-11-18,0.024433112144470217
2021-11-19,0.011635601520538332
2021-11-22,-0.005122244358062744
2021-11-23,0.001495358347892761
2021-11-24,0.00606147050857544
2021-11-26,-0.029040834307670592
2021-11-29,0.02382134199142456
2021-11-30,-0.005937600135803222
2021-12-01,-0.011313298344612123
2021-12-02,0.007868736982345581
2021-12-03,-0.02079114615917206
2021-12-06,0.007110917568206787
2021-12-07,0.03682586550712586
2021-12-08,0.0007073521614075
2021-12-09,-0.011779832839965821
2021-12-10,0.012986555695533752
2021-12-13,-0.024063202738761905
2021-12-14,-0.008785262703895569
2021-12-15,0.028130781650543217
2021-12-16,-0.029681774973869327
2021-12-17,-0.011610132455825806
2021-12-20,-0.009917223453521728
2021-12-21,0.025081688165664674
2021-12-22,0.012665659189224245
2021-12-23,0.005130892992019653
2021-12-27,0.023327064514160153
2021-12-28,-0.00601176917552948
2021-12-29,-0.0013626694679260256
2021-12-30,-0.0068242549896240234
2021-12-31,-0.004778090119361878
2022-01-03,0.013953906297683715
2022-01-04,-0.007341131567955018
2022-01-05,-0.03338205814361572
2022-01-06,-0.0005373984575272
2022-01-07,-0.0053401410579681395
2022-01-10,0.0012919843196868895
2022-01-11,0.009323233366012573
2022-01-12,0.005818670988082885
2022-01-13,-0.027763175964355468
2022-01-14,-0.0006893187761307
2022-01-18,-0.027466878294944763
2022-01-19,-0.015027186274528505
2022-01-20,-0.014268234372138977
2022-01-21,-0.019800499081611633
2022-01-24,-0.0004433751106262
2022-01-25,-0.018657556176185607
2022-01-26,0.012042677402496338
2022-01-27,-0.008758005499839782
2022-01-28,0.037698316574096676
2022-01-31,0.027888280153274537
2022-02-01,0.0028012961149215697
2022-02-02,0.010726016759872437
2022-02-03,-0.028937125205993654
2022-02-04,0.011169734597206115
2022-02-07,-0.0017525762319564814
2022-02-08,0.014745491743087768
2022-02-09,0.02307373881340027
2022-02-10,-0.02290838658809662
2022-02-11,-0.030554908514022826
2022-02-14,0.0010935068130493166
2022-02-15,0.03339884281158447
2022-02-16,-0.0000786364078522
2022-02-17,-0.034415170550346375
2022-02-18,-0.012073934078216553
2022-02-22,-0.008643043041229247
2022-02-23,-0.0273173987865448
2022-02-24,0.027183240652084353
2022-02-25,0.01585266590118408
2022-02-28,-0.0030967980623245236
2022-03-01,-0.021511077880859375
2022-03-02,0.021823722124099734
2022-03-03,-0.010042721033096313
2022-03-04,-0.021721309423446654
2022-03-07,-0.039400285482406615
2022-03-08,-0.006338053941726684
2022-03-09,0.044189417362213136
2022-03-10,-0.014865496754646301
2022-03-11,-0.02102048695087433
2022-03-14,-0.01645585596561432
2022-03-15,0.038470917940139765
2022-03-16,0.036845159530639646
2022-03-17,0.008296227455139159
2022-03-18,0.024854597449302674
2022-03-21,0.0026765763759613037
2022-03-22,0.0126692533493042
2022-03-23,-0.01332874596118927
2022-03-24,0.03238552808761597
2022-03-25,-0.0006218314170837
2022-03-28,0.010801571607589723
2022-03-29,0.013856351375579834
2022-03-30,-0.01123921275138855
2022-03-31,-0.01859548091888428
2022-04-01,-0.00442289412021637
2022-04-04,0.017209386825561522
2022-04-05,-0.022068083286285404
2022-04-06,-0.02909938991069794
2022-04-07,0.0006808191537857
2022-04-08,-0.013279220461845398
2022-04-11,-0.02974965274333954
2022-04-12,-0.005894786119461059
2022-04-13,0.012397715449333192
2022-04-14,-0.02603866159915924
2022-04-18,0.008067810535430908
2022-04-19,0.017126572132110596
2022-04-20,-0.00536123812198639
2022-04-21,-0.021555781364440918
2022-04-22,-0.02803511321544647
2022-04-25,0.012576216459274293
2022-04-26,-0.03865916430950165
2022-04-27,0.006160801649093627
2022-04-28,0.03795439600944519
2022-04-29,-0.04247383773326874
2022-05-02,0.019657564163208012
2022-05-03,0.004648667573928832
2022-05-04,0.03452603220939636
2022-05-05,-0.04855731725692749
2022-05-06,-0.004111066460609436
2022-05-09,-0.04306509792804718
2022-05-10,0.012978196144104004
2022-05-11,-0.0355610579252243
2022-05-12,-0.01746847629547119
2022-05-13,0.03747904300689697
2022-05-16,-0.008950909972190856
2022-05-17,0.03007625937461853
2022-05-18,-0.047732555866241456
2022-05-19,-0.008030945062637329
2022-05-20,-0.0063224196434021
2022-05-23,0.03256896734237671
2022-05-24,-0.013623994588851928
2022-05-25,0.015612083673477174
2022-05-26,0.02493044137954712
2022-05-27,0.03364900946617127
2022-05-31,-0.003812432289123535
2022-06-01,-0.00732804834842682
2022-06-02,0.02534120082855225
2022-06-03,-0.027244970202445984
2022-06-06,0.0007974863052368
2022-06-07,0.011207216978073122
2022-06-08,-0.010092297196388246
2022-06-09,-0.02733966708183289
2022-06-10,-0.04394381940364838
2022-06-13,-0.04597210586071014
2022-06-14,0.0034373641014099126
2022-06-15,0.02510249614715576
2022-06-16,-0.03539911806583405
2022-06-17,0.008989307284355165
2022-06-21,0.030469703674316406
2022-06-22,-0.0051584959030151365
2022-06-23,0.009231641888618468
2022-06-24,0.03501896858215332
2022-06-27,-0.007400232553482056
2022-06-28,-0.029687678813934328
2022-06-29,0.0006385564804077
2022-06-30,-0.01744844615459442
2022-07-01,0.0018314480781555181
2022-07-05,0.013667815923690796
2022-07-06,0.007350516319274902
2022-07-07,0.023720234632492065
2022-07-08,-0.0003569304943085
2022-07-11,-0.018975380063056945
2022-07-12,-0.010641926527023317
2022-07-13,-0.0026782989501953126
2022-07-14,0.003604197502136231
2022-07-15,0.02027512192726135
2022-07-18,-0.00604373812675476
2022-07-19,0.03070957064628601
2022-07-20,0.016539403796195982
2022-07-21,0.011501413583755494
2022-07-22,-0.016476404666900635
2022-07-25,-0.005941906571388245
2022-07-26,-0.018786492943763736
2022-07-27,0.046779644489288334
2022-07-28,0.011530691385269166
2022-07-29,0.01701054573059082
2022-08-01,-0.002847728133201599
2022-08-02,-0.0075959801673889165
2022-08-03,0.024406242370605468
2022-08-04,0.002219825983047486
2022-08-05,0.0009336441755295
2022-08-08,-0.017612436413764955
2022-08-09,-0.0053498983383178725
2022-08-10,0.03152175545692444
2022-08-11,-0.0024538159370422366
2022-08-12,0.023189473152160644
2022-08-15,0.007395625114440919
2022-08-16,-0.0007592231035233
2022-08-17,-0.006552433967590332
2022-08-18,0.0024915635585784916
2022-08-19,-0.022810545563697816
2022-08-22,-0.027829891443252566
2022-08-23,-0.0018018364906311033
2022-08-24,0.0011817097663879396
2022-08-25,0.020208948850631712
2022-08-26,-0.04751420021057129
2022-08-29,-0.013093310594558715
2022-08-30,-0.011791902780532836
2022-08-31,-0.010953515768051147
2022-09-01,-0.013677588105201722
2022-09-02,-0.014360606670379639
2022-09-06,-0.007990911602973938
2022-09-07,0.01639379858970642
2022-09-08,0.006511864066123962
2022-09-09,0.019180941581726077
2022-09-12,0.01672443151473999
2022-09-13,-0.05909433066844941
2022-09-14,0.0027957886457443235
2022-09-15,-0.013986349105834961
2022-09-16,-0.0013806253671646113
2022-09-19,0.01138129234313965
2022-09-20,-0.005958494544029236
2022-09-21,-0.014327484369277953
2022-09-22,-0.012994012236595154
2022-09-23,-0.012977236509323122
2022-09-26,-0.00924464762210846
2022-09-27,0.0018692106008529668
2022-09-28,0.012953287363052369
2022-09-29,-0.029760280251502992
2022-09-30,-0.01834269464015961
2022-10-03,0.030845773220062257
2022-10-04,0.03699429035186767
2022-10-05,-0.0007284849882126
2022-10-06,-0.009875011444091798
2022-10-07,-0.04512795507907868
2022-10-10,-0.01400742530822754
2022-10-11,-0.013469794392585752
2022-10-12,-0.0003261297941208
2022-10-13,0.038102859258651735
2022-10-14,-0.027301838994026183
2022-10-17,0.039021790027618415
2022-10-18,0.010322922468185424
2022-10-19,-0.004526019096374511
2022-10-20,-0.0005395591259003
2022-10-21,0.02907047271728516
2022-10-24,0.013150936365127564
2022-10-25,0.021578723192214964
2022-10-26,-0.029107162356376646
2022-10-27,-0.008421704173088072
2022-10-28,0.044281387329101564
2022-10-31,-0.014010089635849
2022-11-01,-0.005920389294624328
2022-11-02,-0.028098630905151366
2022-11-03,-0.015462625026702882
2022-11-04,0.025060349702835084
2022-11-07,0.01256837844848633
2022-11-08,0.007251060009002685
2022-11-09,-0.02941517233848572
2022-11-10,0.08588607907295227
2022-11-11,0.018089699745178222
2022-11-14,-0.011205431818962098
2022-11-15,0.008148428797721863
2022-11-16,-0.011640533804893494
2022-11-17,-0.0008503884077072
2022-11-18,-0.0007970333099365
2022-11-21,-0.0071847885847091675
2022-11-22,0.0204196035861969
2022-11-23,0.01262635588645935
2022-11-25,-0.007751762866973877
2022-11-28,-0.022815170884132388
2022-11-29,-0.006931674480438233
2022-11-30,0.05053479671478271
2022-12-01,0.0003211230039597
2022-12-02,-0.0049041807651519775
2022-12-05,-0.016777849197387697
2022-12-06,-0.02083092033863068
2022-12-07,-0.0029050767421722407
2022-12-08,0.021897149085998536
2022-12-09,-0.006749898195266724
2022-12-12,0.02209108471870422
2022-12-13,0.013176995515823364
2022-12-14,-0.00970526933670044
2022-12-15,-0.03525412976741791
2022-12-16,-0.015181806683540345
2022-12-19,-0.012514045834541323
2022-12-20,0.0001238405704498
2022-12-21,0.01777409315109253
2022-12-22,-0.03025168478488922
2022-12-23,-0.0002922236919403
2022-12-27,-0.019659802317619327
2022-12-28,-0.012483248114585878
2022-12-29,0.025628507137298587
2022-12-30,0.0001291036605835
2023-01-03,-0.013183847069740295
2023-01-04,0.0002630949020386
2023-01-05,-0.018368947505950927
2023-01-06,0.02678307890892029
2023-01-09,0.013101989030838014
2023-01-10,0.009009546041488648
2023-01-11,0.017006099224090576
2023-01-12,0.009525817632675172
2023-01-13,0.012351590394973756
2023-01-17,0.010270148515701294
2023-01-18,-0.016611263155937195
2023-01-19,-0.01413724422454834
2023-01-20,0.029715114831924436
2023-01-23,0.02774319648742676
2023-01-24,0.0038379102945327757
2023-01-25,-0.0012679755687713624
2023-01-26,0.018912833929061887
2023-01-27,0.0099776029586792
2023-01-30,-0.02547844350337982
2023-01-31,0.014522773027420045
2023-02-01,0.02254960536956787
2023-02-02,0.02978694438934326
2023-02-03,-0.004689055681228639
2023-02-06,-0.0061495453119277945
2023-02-07,0.029387235641479492
2023-02-08,-0.007594943046569824
2023-02-09,-0.007088881731033326
2023-02-10,-0.00846514403820038
2023-02-13,0.020819425582885742
2023-02-14,0.011179915070533753
2023-02-15,0.0007910251617432
2023-02-16,-0.020088550448417664
2023-02-17,-0.01129891276359558
2023-02-21,-0.02450748383998871
2023-02-22,-0.0008212149143219
2023-02-23,0.03410528898239136
2023-02-24,-0.013391298055648803
2023-02-27,0.00667153000831604
2023-02-28,-0.0033256262540817265
2023-03-01,-0.012593835592269897
2023-03-02,0.01098267436027527
2023-03-03,0.02303488850593567
2023-03-06,0.0025961339473724366
2023-03-07,-0.015206930041313172
2023-03-08,0.008678296208381654
2023-03-09,-0.022138261795043947
2023-03-10,-0.009540095925331116
2023-03-13,0.005778050422668457
2023-03-14,0.026170551776885986
2023-03-15,-0.0015404284000396723
2023-03-16,0.0311901330947876
2023-03-17,-0.00442017912864685
2023-03-20,0.001817825436592102
2023-03-21,0.01271105408668518
2023-03-22,-0.008011946082115173
2023-03-23,0.01214050352573395
2023-03-24,0.0003679394721985
2023-03-27,-0.004079452157020569
2023-03-28,-0.0028289496898651124
2023-03-29,0.016573446989059448
2023-03-30,0.00901007056236267
2023-03-31,0.01446084976196289
2023-04-03,0.002750283479690552
2023-04-04,-0.007355186343193054
2023-04-05,-0.009631165862083436
2023-04-06,0.009338551759719848
2023-04-10,-0.0012302637100219723
2023-04-11,-0.009758970141410828
2023-04-12,-0.006101134419441224
2023-04-13,0.016448521614074705
2023-04-14,0.009469613432884218
2023-04-17,0.005905741453170776
2023-04-18,0.008211469650268553
2023-04-19,0.003503513336181641
2023-04-20,-0.010665440559387207
2023-04-21,-0.002811476588249207
2023-04-24,-0.003229549527168274
2023-04-25,-0.019559785723686218
2023-04-26,0.020248997211456298
2023-04-27,0.022113996744155883
2023-04-28,0.01030283570289612
2023-05-01,0.009912383556365967
2023-05-02,-0.010621127486228944
2023-05-03,-0.009540298581123352
2023-05-04,-0.006489577889442444
2023-05-05,0.029840809106826783
2023-05-08,0.001976090669631958
2023-05-09,-0.009188541769981386
2023-05-10,0.009905171394348143
2023-05-11,-0.004347312450408937
2023-05-12,-0.0062853902578353885
2023-05-15,0.005779534578323365
2023-05-16,0.00162619948387146
2023-05-17,0.01630328297615051
2023-05-18,0.019538730382919315
2023-05-19,-0.0031602591276168827
2023-05-22,-0.0008813261985779
2023-05-23,-0.014775636792182922
2023-05-24,-0.004147192835807801
2023-05-25,0.06169158816337586
2023-05-26,0.017306202650070192
2023-05-30,0.008012714982032775
2023-05-31,-0.016294044256210328
2023-06-01,0.020921558141708377
2023-06-02,0.00640597939491272
2023-06-05,-0.0040447086095809935
2023-06-06,-0.004240408539772034
2023-06-07,-0.014801654219627381
2023-06-08,0.011793309450149538
2023-06-09,0.0036337435245513915
2023-06-12,0.012803846597671508
2023-06-13,0.011060264706611634
2023-06-14,0.012401676177978516
2023-06-15,0.01272953152656555
2023-06-16,-0.005758726596832275
2023-06-20,0.0006815880537033
2023-06-21,-0.009212294220924377
2023-06-22,0.006301397085189819
2023-06-23,-0.009590920805931092
2023-06-26,-0.014396974444389345
2023-06-27,0.01608524322509766
2023-06-28,-0.0016682177782058715
2023-06-29,0.004248347878456115
2023-06-30,0.020995301008224488
2023-07-03,-0.001914265751838684
2023-07-05,-0.003024473786354065
2023-07-06,-0.0007351785898209
2023-07-07,-0.0017347157001495362
2023-07-10,-0.007008373737335205
2023-07-11,0.004147726297378539
2023-07-12,0.014813286066055297
2023-07-13,0.01643480658531189
2023-07-14,0.0006827890872955
2023-07-17,0.013180971145629883
2023-07-18,0.015450114011764526
2023-07-19,-0.0021454900503158573
2023-07-20,-0.01406690776348114
2023-07-21,-0.0102480947971344
2023-07-24,0.007019752264022827
2023-07-25,0.009453481435775757
2023-07-26,-0.00834495723247528
2023-07-27,-0.007540780305862426
2023-07-28,0.015187680721282959
2023-07-31,0.00018090903759
2023-08-01,-0.002876511216163635
2023-08-02,-0.0238529235124588
2023-08-03,-0.0008730828762054
2023-08-04,-0.01140151619911194
2023-08-07,0.002783423662185669
2023-08-08,-0.006557106971740723
2023-08-09,-0.017629873752594
2023-08-10,-0.0007162302732468
2023-08-11,-0.00785323977470398
2023-08-14,0.020033514499664305
2023-08-15,-0.009193038940429688
2023-08-16,-0.0056505918502807615
2023-08-17,-0.009739398956298828
2023-08-18,0.0005962371826172
2023-08-21,0.024631869792938233
2023-08-22,-0.006621947884559631
2023-08-23,0.01803364157676697
2023-08-24,-0.013939154148101807
2023-08-25,0.0015312612056732173
2023-08-28,0.007791042327880859
2023-08-29,0.020801031589508058
2023-08-30,0.007063037157058717
2023-08-31,-0.0021928369998931883
2023-09-01,0.000156170129776
2023-09-05,0.0018936872482299802
2023-09-06,-0.01681666374206543
2023-09-07,-0.014771360158920287
2023-09-08,0.0016239881515502932
2023-09-11,0.004314935207366944
2023-09-12,-0.009063991904258729
2023-09-13,0.0032569855451583868
2023-09-14,0.008784717321395874
2023-09-15,-0.01692318618297577
2023-09-18,0.004051238298416138
2023-09-19,-0.0012973040342330933
2023-09-20,-0.018892714381217958
2023-09-21,-0.012627473473548891
2023-09-22,0.0003812789916992
2023-09-25,0.006576520204544068
2023-09-26,-0.015334761142730713
2023-09-27,0.0018938362598419191
2023-09-28,0.006717377901077271
2023-09-29,0.0013704746961593632
2023-10-02,0.013045519590377808
2023-10-03,-0.017239496111869812
2023-10-04,0.010443770885467529
2023-10-05,0.005627182126045227
2023-10-06,0.018768680095672608
2023-10-09,0.0025505036115646357
2023-10-10,0.0020898133516311646
2023-10-11,0.010575360059738158
2023-10-12,-0.0003518670797348
2023-10-13,-0.009979039430618288
2023-10-16,0.007779136300086975
2023-10-17,-0.012322574853897096
2023-10-18,-0.014892038702964783
2023-10-19,-0.0020294755697250364
2023-10-20,-0.014835733175277711
2023-10-23,0.007569333910942079
2023-10-24,0.00606791377067566
2023-10-25,-0.0073040306568145745
2023-10-26,-0.023897212743759156
2023-10-27,-0.0017635464668273924
2023-10-30,0.01573149561882019
2023-10-31,0.002178454399108887
2023-11-01,0.019617867469787595
2023-11-02,0.017931395769119264
2023-11-03,0.011855465173721314
2023-11-06,0.01108766794204712
2023-11-07,0.007663235068321228
2023-11-08,0.006865984201431274
2023-11-09,-0.0023846358060836794
2023-11-10,0.022494447231292725
2023-11-13,-0.003797587752342224
2023-11-14,0.01592775583267212
2023-11-15,-0.0006003379821777
2023-11-16,0.010974705219268799
2023-11-17,-0.0034187644720077514
2023-11-20,0.013573253154754638
2023-11-21,-0.0064372032880783085
2023-11-22,0.000096333026886
2023-11-24,-0.005590289831161499
2023-11-27,0.001883438229560852
2023-11-28,0.0022500157356262207
2023-11-29,-0.0018767952919006344
2023-11-30,-0.0025851070880889898
2023-12-01,0.000391161441803
2023-12-04,-0.011005669832229614
2023-12-05,0.012165084481239319
2023-12-06,-0.010664546489715576
2023-12-07,0.010401612520217898
2023-12-08,0.010269469022750855
2023-12-11,-0.0077575713396072395
2023-12-12,0.01049584150314331
2023-12-13,0.00854806900024414
2023-12-14,-0.0011468499898910525
2023-12-15,0.005718824267387389
2023-12-18,0.005776256322860719
2023-12-19,0.0027756035327911373
2023-12-20,-0.014236831665039062
2023-12-21,0.007709100842475892
2023-12-22,-0.0011321932077407836
2023-12-26,0.0027028083801269535
2023-12-27,0.0014667928218841555
2023-12-28,0.0026438117027282717
2023-12-29,-0.0014602214097976685
2024-01-02,-0.01694546043872833
2024-01-03,-0.006419742107391357
2024-01-04,-0.0026535153388977046
2024-01-05,0.004405105113983155
2024-01-08,0.025541368126869204
2024-01-09,0.0021496474742889403
2024-01-10,0.011780202388763428
2024-01-11,0.0014484584331512452
2024-01-12,0.0015347421169281006
2024-01-16,0.002700135111808777
2024-01-17,-0.004610294103622437
2024-01-18,0.016357886791229247
2024-01-19,0.019738394021987914
2024-01-22,0.0023752897977828975
2024-01-23,0.0033542662858963017
2024-01-24,0.007900974154472351
2024-01-25,0.004804056882858276
2024-01-26,-0.0054987847805023195
2024-01-29,0.008966049551963806
2024-01-30,-0.0015534996986389159
2024-01-31,-0.01962188482284546
2024-02-01,0.013530862331390382
2024-02-02,0.015639513731002808
2024-02-05,0.007920625805854798
2024-02-06,-0.0001884907484055
2024-02-07,0.012456154823303223
2024-02-08,-0.003181594610214233
2024-02-09,0.013115233182907105
2024-02-12,-0.004473695158958435
2024-02-13,-0.011904478073120117
2024-02-14,0.00901419222354889
2024-02-15,-0.001236763596534729
2024-02-16,-0.005216243863105773
2024-02-20,-0.010759952664375304
2024-02-21,-0.003921559453010559
2024-02-22,0.04640312194824219
2024-02-23,-0.0017363727092742918
2024-02-26,-0.003933805227279662
2024-02-27,0.0013552129268646243
2024-02-28,-0.0035847514867782594
2024-02-29,0.008344212174415588
2024-03-01,0.0084103524684906
2024-03-04,0.0014603048563003546
2024-03-05,-0.012784403562545775
2024-03-06,0.006087887287139893
2024-03-07,0.013330447673797608
2024-03-08,-0.01094144582748413
2024-03-11,-0.0021693170070648192
2024-03-12,0.024507194757461548
2024-03-13,-0.004387721419334412
2024-03-14,-0.0006207078695297
2024-03-15,-0.005136966705322265
2024-03-18,0.00629228949546814
2024-03-19,0.009692007303237915
2024-03-20,0.011475998163223268
2024-03-21,-0.0028464943170547485
2024-03-22,0.005080518126487733
2024-03-25,-0.005779096484184265
2024-03-26,-0.0070987105369567875
2024-03-27,0.004344329237937927
2024-03-28,-0.0022683560848236087
2024-04-01,-0.0010901272296905515
2024-04-02,-0.006623119115829468
2024-04-03,-0.0007365971803665
2024-04-04,-0.012600332498550415
2024-04-05,0.0135392963886261
2024-04-08,-0.0033343434333801274
2024-04-09,-0.002109411358833313
2024-04-10,-0.0033878117799758913
2024-04-11,0.02289670407772064
2024-04-12,-0.01850147545337677
2024-04-15,-0.017113077640533447
2024-04-16,-0.002923056483268738
2024-04-17,-0.012907397747039794
2024-04-18,-0.0038442194461822503
2024-04-19,-0.023790857195854193
2024-04-22,0.01542963981628418
2024-04-23,0.01696779727935791
2024-04-24,-0.0019110232591629036
2024-04-25,0.0022359699010849
2024-04-26,0.0175580769777298
2024-04-29,0.004116329550743102
2024-04-30,-0.01925688683986664
2024-05-01,-0.006082671880722046
2024-05-02,0.015276241302490235
2024-05-03,0.028382113575935366
2024-05-06,0.012223297357559204
2024-05-07,-0.00506211519241333
2024-05-08,0.0039506256580352775
2024-05-09,0.002187031507492065
2024-05-10,0.003451302647590637
2024-05-13,0.00494583249092102
2024-05-14,0.008163368701934813
2024-05-15,0.016897082328796387
2024-05-16,-0.0016910612583160402
2024-05-17,-0.002474048733711243
2024-05-20,0.0029957652091979984
2024-05-21,0.008557456731796266
2024-05-22,-0.003278040885925293
2024-05-23,0.009183737635612489
2024-05-24,0.015021097660064696
2024-05-28,0.013267585635185243
2024-05-29,-0.0007463604211807
2024-05-30,-0.01473728120326996
2024-05-31,0.0038123011589050286
2024-06-03,0.010658600926399232
2024-06-04,0.002643796801567078
2024-06-05,0.01738894283771515
2024-06-06,-0.004097819328308106
2024-06-07,0.004655030369758605
2024-06-10,-0.0007151573896408
2024-06-11,0.01595999002456665
2024-06-12,0.018130558729171752
2024-06-13,0.010682415962219239
2024-06-14,0.0022054970264434814
2024-06-17,0.008951961994171143
2024-06-18,0.005081111192703247
2024-06-20,-0.011953312158584596
2024-06-21,-0.008751353621482851
2024-06-24,-0.012273889780044555
2024-06-25,0.016428303718566895
2024-06-26,0.005863407254219055
2024-06-27,-0.0008768796920776
2024-06-28,-0.006309613585472107
2024-07-01,0.016651356220245363
2024-07-02,0.00631033182144165
2024-07-03,0.011979123950004576
2024-07-05,0.004146799445152282
2024-07-08,0.005147325992584229
2024-07-09,0.004256564378738404
2024-07-10,0.01533210277557373
2024-07-11,-0.02467761039733887
2024-07-12,0.004650148749351502
2024-07-15,0.007326459884643555
2024-07-16,-0.0017971932888031007
2024-07-17,-0.022729769349098206
2024-07-18,-0.007572868466377258
2024-07-19,-0.00806393325328827
2024-07-22,0.0143624484539032
2024-07-23,0.0005124717950821
2024-07-24,-0.03439885973930359
2024-07-25,-0.011493980884552002
2024-07-26,0.010280746221542358
2024-07-29,-0.0023151606321334837
2024-07-30,-0.013350370526313783
2024-07-31,0.027442729473114016
2024-08-01,-0.02381265461444855
2024-08-02,-0.016156524419784546
2024-08-05,-0.04048382937908173
2024-08-06,0.013520345091819763
2024-08-07,-0.008815932273864745
2024-08-08,0.02529199719429016
2024-08-09,0.007022643089294433
2024-08-12,0.010784697532653808
2024-08-13,0.025524747371673585
2024-08-14,0.007702583074569703
2024-08-15,0.017940551042556763
2024-08-16,0.004811617732048036
2024-08-19,0.012824195623397828
2024-08-20,-0.00249670147895813
2024-08-21,0.0020262748003005986
2024-08-22,-0.014295032620429993
2024-08-23,0.015174835920333862
2024-08-26,-0.005870112776756287
2024-08-27,0.004954242706298828
2024-08-28,-0.007953530550003052
2024-08-29,-0.006955772638320924
2024-08-30,0.007780995965003967
2024-09-03,-0.03655563294887543
2024-09-04,-0.006766682863235473
2024-09-05,0.0017757236957550047
2024-09-06,-0.020107883214950557
2024-09-09,0.014433950185775757
2024-09-10,0.0002518743276596
2024-09-11,0.027289092540740967
2024-09-12,0.007103535532951355
2024-09-13,0.0008597552776337
2024-09-16,-0.007583898305892945
2024-09-17,0.0017777562141418457
2024-09-18,-0.003514924645423889
2024-09-19,0.026469647884368893
2024-09-20,-0.005678394436836242
2024-09-23,-0.0018342643976211547
2024-09-24,0.0069567710161209115
2024-09-25,0.003658083081245423
2024-09-26,0.0019675344228744507
2024-09-27,-0.005569753050804139
2024-09-30,0.007973253726959229
2024-10-01,-0.024242192506790165
2024-10-02,0.0019212692975997927
2024-10-03,0.0033889561891555786
2024-10-04,0.01102088689804077
2024-10-07,-0.006629568338394164
2024-10-08,0.01714339554309845
2024-10-09,0.008410608768463135
2024-10-10,0.0010718047618865968
2024-10-11,0.0062055945396423335
2024-10-14,0.011345183849334717
2024-10-15,-0.007403624057769776
2024-10-16,0.003979319334030152
2024-10-17,0.0030785977840423586
2024-10-18,0.006707817316055298
2024-10-21,0.008396810293197632
2024-10-22,0.005062812566757203
2024-10-23,-0.014566534757614135
2024-10-24,0.0024673461914062503
2024-10-25,0.0027014225721359256
2024-10-28,0.0024138331413269035
2024-10-29,0.002982631325721741
2024-10-30,-0.005625909566879273
2024-10-31,-0.033733582496643065
2024-11-01,0.004452949762344361
2024-11-04,-0.0036621183156967164
2024-11-05,0.012112957239151
2024-11-06,0.03367625474929809
2024-11-07,0.007633638381958008
2024-11-08,-0.0026440292596817015
2024-11-11,-0.007293027639389038
2024-11-12,0.00687742829322815
2024-11-13,0.0006250619888306
2024-11-14,0.004583317041397095
2024-11-15,-0.01679246425628662
2024-11-18,0.001678943634033203
2024-11-19,0.010656011104583741
2024-11-20,-0.0034860759973526
2024-11-21,0.002750778198242187
2024-11-22,0.0003290712833405
2024-11-25,-0.002460378408432008
2024-11-26,0.009757909178733825
2024-11-27,-0.005929353833198547
2024-11-29,0.008021822571754454
2024-12-02,0.005554503202438355
2024-12-03,0.004870665073394775
2024-12-04,0.010997027158737183
2024-12-05,0.003941348195075989
2024-12-06,-0.0018483042716979984
2024-12-09,-0.0026159703731536863
2024-12-10,-0.00691378116607666
2024-12-11,0.0097518652677536
2024-12-12,-0.0030246257781982424
2024-12-13,-0.006619158387184143
2024-12-16,0.0024100661277770994
2024-12-17,0.0001975148916245
2024-12-18,-0.02651444673538208
2024-12-19,0.005934333801269532
2024-12-20,0.015399768948554993
2024-12-23,0.008769553899765015
2024-12-24,0.01013433337211609
2024-12-26,0.000209829211235
2024-12-27,-0.014603787660598755
2024-12-30,-0.008787435293197633
2024-12-31,-0.008680194616317749
