date,rolling_vol_30d
2019-01-03,
2019-01-04,
2019-01-07,
2019-01-08,
2019-01-09,
2019-01-10,
2019-01-11,
2019-01-14,
2019-01-15,
2019-01-16,
2019-01-17,
2019-01-18,
2019-01-22,
2019-01-23,
2019-01-24,
2019-01-25,
2019-01-28,
2019-01-29,
2019-01-30,
2019-01-31,
2019-02-01,
2019-02-04,
2019-02-05,
2019-02-06,
2019-02-07,
2019-02-08,
2019-02-11,
2019-02-12,
2019-02-13,
2019-02-14,0.30196258044861934
2019-02-15,0.2541654306555946
2019-02-19,0.22352989244134738
2019-02-20,0.22222242045237642
2019-02-21,0.2224910499025576
2019-02-22,0.22209850758827238
2019-02-25,0.22212486535071707
2019-02-26,0.22232382210171428
2019-02-27,0.2221625552987821
2019-02-28,0.22088501501385038
2019-03-01,0.22133805702890952
2019-03-04,0.22064178834486015
2019-03-05,0.2168113184518797
2019-03-06,0.20391627520776842
2019-03-07,0.20792480375634642
2019-03-08,0.20696646044931727
2019-03-11,0.221508074066646
2019-03-12,0.19133943809419876
2019-03-13,0.18292477199109083
2019-03-14,0.15493413317051083
2019-03-15,0.1576644746374946
2019-03-18,0.15709388556694132
2019-03-19,0.147379806951024
2019-03-20,0.147531742095739
2019-03-21,0.16107825324489833
2019-03-22,0.17282486698340288
2019-03-25,0.1754151954478621
2019-03-26,0.17361645960324684
2019-03-27,0.16928230548870843
2019-03-28,0.169305371015821
2019-03-29,0.16999364317202767
2019-04-01,0.170749304165354
2019-04-02,0.17056764141631042
2019-04-03,0.1717061180357961
2019-04-04,0.1715153888338659
2019-04-05,0.1702099323772665
2019-04-08,0.17030351299107033
2019-04-09,0.17222622911003677
2019-04-10,0.17194221778777774
2019-04-11,0.17044018838738154
2019-04-12,0.1704436234826306
2019-04-15,0.17282130541073445
2019-04-16,0.17200712937811202
2019-04-17,0.16897218310579667
2019-04-18,0.16201180505471827
2019-04-22,0.16187958633381117
2019-04-23,0.14131429989869906
2019-04-24,0.14197487494784902
2019-04-25,0.13993375239737751
2019-04-26,0.14321942331176013
2019-04-29,0.13973300918176954
2019-04-30,0.1398034537476203
2019-05-01,0.13958625426494534
2019-05-02,0.13915016913127312
2019-05-03,0.12416768720133521
2019-05-06,0.09906688494726587
2019-05-07,0.12325192522080548
2019-05-08,0.12323868170208059
2019-05-09,0.12584145740629288
2019-05-10,0.12594360130748325
2019-05-13,0.1770156230081086
2019-05-14,0.17700645391047415
2019-05-15,0.1765847163219661
2019-05-16,0.17598265397706964
2019-05-17,0.17794188437725322
2019-05-20,0.18357902223194397
2019-05-21,0.18684791862954456
2019-05-22,0.1875754256735206
2019-05-23,0.19212028394956038
2019-05-24,0.1921019849156044
2019-05-28,0.19030022080769124
2019-05-29,0.1909050729401646
2019-05-30,0.18976141010398725
2019-05-31,0.1903998620581957
2019-06-03,0.19115370263236703
2019-06-04,0.22553507782469925
2019-06-05,0.2245401700235452
2019-06-06,0.2290188625472893
2019-06-07,0.23502387733587077
2019-06-10,0.23791744587649316
2019-06-11,0.23827491711015547
2019-06-12,0.23958953898986465
2019-06-13,0.2398585743416248
2019-06-14,0.2402088738463915
2019-06-17,0.2375854398984133
2019-06-18,0.24844472141907006
2019-06-19,0.2384175736470846
2019-06-20,0.2394439676209206
2019-06-21,0.23886708104013968
2019-06-24,0.2388572653671786
2019-06-25,0.20874554594766018
2019-06-26,0.21093128347208173
2019-06-27,0.2113363494049852
2019-06-28,0.21026160459148888
2019-07-01,0.21108896905827432
2019-07-02,0.20299987332660382
2019-07-03,0.20101617133403327
2019-07-05,0.19894535798533924
2019-07-08,0.19316907535909456
2019-07-09,0.19270753634677795
2019-07-10,0.19131837750292638
2019-07-11,0.18819120276964546
2019-07-12,0.18802037572247912
2019-07-15,0.17713604142151018
2019-07-16,0.17132221710345966
2019-07-17,0.14148940710908683
2019-07-18,0.14069750667956024
2019-07-19,0.14171042450248594
2019-07-22,0.14013290095406847
2019-07-23,0.14046440311771116
2019-07-24,0.1408044955882008
2019-07-25,0.1414824770434704
2019-07-26,0.1417103244277077
2019-07-29,0.13923689829425664
2019-07-30,0.14007580220158247
2019-07-31,0.12975289223343173
2019-08-01,0.13559015054871107
2019-08-02,0.14055416378524585
2019-08-05,0.1898190864289369
2019-08-06,0.19493830979881208
2019-08-07,0.1891882585064957
2019-08-08,0.19446970154502155
2019-08-09,0.1963346159911619
2019-08-12,0.19929730670109866
2019-08-13,0.21010203924703516
2019-08-14,0.23123521992293908
2019-08-15,0.23047943782635166
2019-08-16,0.24842650983177914
2019-08-19,0.2575815407165768
2019-08-20,0.25905736739227975
2019-08-21,0.2597820261420183
2019-08-22,0.2586929645884355
2019-08-23,0.2804400403100252
2019-08-26,0.2843304786981372
2019-08-27,0.28526881978445684
2019-08-28,0.28546936376415466
2019-08-29,0.2921036477403025
2019-08-30,0.29117572105236184
2019-09-03,0.2909860257703943
2019-09-04,0.29270108313880433
2019-09-05,0.3031779532412571
2019-09-06,0.3014444592209919
2019-09-09,0.3011026015555294
2019-09-10,0.3014177031382345
2019-09-11,0.3027118400446945
2019-09-12,0.3006365907697832
2019-09-13,0.29860950686906573
2019-09-16,0.29589042617539457
2019-09-17,0.26249911738151055
2019-09-18,0.26038662230209314
2019-09-19,0.2607137304737985
2019-09-20,0.2573000699264571
2019-09-23,0.25458786203411954
2019-09-24,0.25357369792811824
2019-09-25,0.24656975156679112
2019-09-26,0.2234538639038443
2019-09-27,0.22645015279024086
2019-09-30,0.21222323856897785
2019-10-01,0.2013709765707008
2019-10-02,0.20662819291313483
2019-10-03,0.20904312250261883
2019-10-04,0.2137516852257117
2019-10-07,0.17892728023467405
2019-10-08,0.1854885489319541
2019-10-09,0.18619311853407686
2019-10-10,0.18771619831285194
2019-10-11,0.18297288440453022
2019-10-14,0.18301041359391212
2019-10-15,0.18316279637145153
2019-10-16,0.1809285017173053
2019-10-17,0.16480695031878145
2019-10-18,0.16643152617505175
2019-10-21,0.17195624175187754
2019-10-22,0.17249638350097404
2019-10-23,0.17074429559629356
2019-10-24,0.17146506824951907
2019-10-25,0.1738858758046586
2019-10-28,0.17501522844168566
2019-10-29,0.1802863256362093
2019-10-30,0.180150870473793
2019-10-31,0.17994087811431997
2019-11-01,0.17717665690148945
2019-11-04,0.179252348871502
2019-11-05,0.17512437382499196
2019-11-06,0.17225797125212008
2019-11-07,0.17110919313257852
2019-11-08,0.16566437635348064
2019-11-11,0.16423764589295237
2019-11-12,0.16087013518628238
2019-11-13,0.14778129033277532
2019-11-14,0.1443499816125862
2019-11-15,0.13967765527174783
2019-11-18,0.1407704492771338
2019-11-19,0.12577442822674545
2019-11-20,0.12383658960361428
2019-11-21,0.12353474636135515
2019-11-22,0.1188086103101493
2019-11-25,0.12674969591854465
2019-11-26,0.11946177847704777
2019-11-27,0.11673216108934202
2019-11-29,0.11874429887419237
2019-12-02,0.12593170753339125
2019-12-03,0.12394702067761966
2019-12-04,0.12405169529851828
2019-12-05,0.12389732296353688
2019-12-06,0.12819177872886273
2019-12-09,0.1256433372883261
2019-12-10,0.12195974452967663
2019-12-11,0.11523718000487158
2019-12-12,0.12080826353027418
2019-12-13,0.12059986071712749
2019-12-16,0.1171649557600581
2019-12-17,0.11335514439086736
2019-12-18,0.1131076861505207
2019-12-19,0.11307916993825828
2019-12-20,0.11325540013776995
2019-12-23,0.11324808086916366
2019-12-24,0.11342656590921178
2019-12-26,0.11523778209315942
2019-12-27,0.11586568392794779
2019-12-30,0.1185857356953505
2019-12-31,0.11890689508136937
2020-01-02,0.12403511620870672
2020-01-03,0.1294817124611502
2020-01-06,0.12872966164991353
2020-01-07,0.1294701785611409
2020-01-08,0.13118598666991343
2020-01-09,0.12556838881129886
2020-01-10,0.12459877686305453
2020-01-13,0.13062419329801211
2020-01-14,0.13244542053738914
2020-01-15,0.1228011019555338
2020-01-16,0.11874995775818427
2020-01-17,0.11816433970460571
2020-01-21,0.12152978138601944
2020-01-22,0.11740960001143262
2020-01-23,0.11437762977873608
2020-01-24,0.12145579374972341
2020-01-27,0.1439441051414564
2020-01-28,0.1513698440636619
2020-01-29,0.15177527467739205
2020-01-30,0.15201906593460146
2020-01-31,0.17793735686273854
2020-02-03,0.1797721120353485
2020-02-04,0.19272351211732175
2020-02-05,0.19332537770461208
2020-02-06,0.19488013522419864
2020-02-07,0.19672117496932656
2020-02-10,0.20091423755269683
2020-02-11,0.20123166405872128
2020-02-12,0.20048215109738154
2020-02-13,0.20186094086898035
2020-02-14,0.20107623170202593
2020-02-18,0.19611591320300742
2020-02-19,0.20126716044362125
2020-02-20,0.20463705175725164
2020-02-21,0.22181389610526073
2020-02-24,0.2607697769736567
2020-02-25,0.2776854701099576
2020-02-26,0.27515204317998193
2020-02-27,0.32172922742561494
2020-02-28,0.3244920660493207
2020-03-02,0.3659405628263919
2020-03-03,0.3811508625157839
2020-03-04,0.40368979630700874
2020-03-05,0.41610882809281385
2020-03-06,0.42188701521949784
2020-03-09,0.4843704884751551
2020-03-10,0.5232485923714851
2020-03-11,0.5332013563647746
2020-03-12,0.5999669027117283
2020-03-13,0.7158869451544629
2020-03-16,0.8226856195688129
2020-03-17,0.8513470073519334
2020-03-18,0.856928990354384
2020-03-19,0.8581476039472076
2020-03-20,0.8616917885905208
2020-03-23,0.8617020565453136
2020-03-24,0.9299825501703572
2020-03-25,0.9301946289165113
2020-03-26,0.947338585515399
2020-03-27,0.9526051693473023
2020-03-30,0.9614475368442009
2020-03-31,0.9616389016212371
2020-04-01,0.9685838863152603
2020-04-02,0.9742773786517674
2020-04-03,0.9735177881843489
2020-04-06,0.9974399565240707
2020-04-07,0.9937831220995368
2020-04-08,0.996369467719383
2020-04-09,0.9823628400962767
2020-04-13,0.9818009214982166
2020-04-14,0.9726169473232142
2020-04-15,0.9676102630855669
2020-04-16,0.95962950710448
2020-04-17,0.9548146642853901
2020-04-20,0.9538680625853042
2020-04-21,0.9271387745681651
2020-04-22,0.9114484361278732
2020-04-23,0.9005684986416073
2020-04-24,0.8467962735057214
2020-04-27,0.7662567890587838
2020-04-28,0.6272762465313925
2020-04-29,0.603861158633202
2020-04-30,0.5771089095951408
2020-05-01,0.5846998570309723
2020-05-04,0.5663374681180927
2020-05-05,0.5625200147837157
2020-05-06,0.4685613487280223
2020-05-07,0.46865171957514296
2020-05-08,0.44449276265300636
2020-05-11,0.4241691513142814
2020-05-12,0.4175904817013367
2020-05-13,0.4181634351472349
2020-05-14,0.3812251583159921
2020-05-15,0.3759054504903634
2020-05-18,0.37100405849454227
2020-05-19,0.30283829635006276
2020-05-20,0.30190245343332417
2020-05-21,0.30003788954566807
2020-05-22,0.2986353431554932
2020-05-26,0.2987285775987317
2020-05-27,0.283811487826584
2020-05-28,0.2776467341175727
2020-05-29,0.2762071401111406
2020-06-01,0.2742116163769303
2020-06-02,0.2636929281484985
2020-06-03,0.22977371127600707
2020-06-04,0.21734417036189008
2020-06-05,0.22441333359621762
2020-06-08,0.22034774986371758
2020-06-09,0.2195913871525714
2020-06-10,0.2141463481688708
2020-06-11,0.27253427104243316
2020-06-12,0.2737235262135664
2020-06-15,0.2612627543757167
2020-06-16,0.2613399618533525
2020-06-17,0.2614214343823121
2020-06-18,0.2615610421980533
2020-06-19,0.26182386451771683
2020-06-22,0.26237647693609795
2020-06-23,0.2622475221571957
2020-06-24,0.2621530888357191
2020-06-25,0.2590111082437779
2020-06-26,0.2772291909181736
2020-06-29,0.27742892881705183
2020-06-30,0.2723414308812898
2020-07-01,0.27086284942696687
2020-07-02,0.26686636741441194
2020-07-06,0.26882499058571235
2020-07-07,0.27134491136929917
2020-07-08,0.27580762170372236
2020-07-09,0.2756034882178448
2020-07-10,0.2748071833492397
2020-07-13,0.28109403020265106
2020-07-14,0.2829154568544668
2020-07-15,0.28291749270120486
2020-07-16,0.2850230661718626
2020-07-17,0.2850436539953525
2020-07-20,0.2817366268048274
2020-07-21,0.28313008120514394
2020-07-22,0.2824382838335509
2020-07-23,0.29445074029508256
2020-07-24,0.23384695905795108
2020-07-27,0.23362997551423645
2020-07-28,0.2346750840310061
2020-07-29,0.23628162645159825
2020-07-30,0.23618821087957584
2020-07-31,0.24766867983160967
2020-08-03,0.2565535567747352
2020-08-04,0.2530856059304768
2020-08-05,0.2528179846202561
2020-08-06,0.2417332606534749
2020-08-07,0.2413740783494963
2020-08-10,0.21702490931765706
2020-08-11,0.22377961081599185
2020-08-12,0.22987611331039384
2020-08-13,0.22975681324219885
2020-08-14,0.22984747867750602
2020-08-17,0.22401003322632454
2020-08-18,0.22099216931895724
2020-08-19,0.2162345615119553
2020-08-20,0.2170650299684658
2020-08-21,0.22202038045048889
2020-08-24,0.21412809559318902
2020-08-25,0.2120750881307385
2020-08-26,0.21226388970268187
2020-08-27,0.20768022868057393
2020-08-28,0.20709579280596044
2020-08-31,0.20135635948496677
2020-09-01,0.2025092691413495
2020-09-02,0.20316143754160815
2020-09-03,0.2601443212763609
2020-09-04,0.2616765966676928
2020-09-08,0.30671874355838474
2020-09-09,0.32050126301409665
2020-09-10,0.329628147293622
2020-09-11,0.33051381549759434
2020-09-14,0.32848094117280585
2020-09-15,0.31969585971911774
2020-09-16,0.32551527975743666
2020-09-17,0.32705577425450477
2020-09-18,0.3284768334717363
2020-09-21,0.32851445729882134
2020-09-22,0.33018425566806264
2020-09-23,0.34118931457424445
2020-09-24,0.3328465783929828
2020-09-25,0.34238336951312653
2020-09-28,0.3458358951953121
2020-09-29,0.3447404051248559
2020-09-30,0.3472174270815392
2020-10-01,0.3475570888154412
2020-10-02,0.35374088821781385
2020-10-05,0.3578207581391605
2020-10-06,0.3591923977699316
2020-10-07,0.362880357094954
2020-10-08,0.36211962329298913
2020-10-09,0.3628615390290682
2020-10-12,0.3741159331791016
2020-10-13,0.3748260655842704
2020-10-14,0.3704996164585744
2020-10-15,0.36868207686847226
2020-10-16,0.3247201407636838
2020-10-19,0.33056628705202024
2020-10-20,0.29325981397415707
2020-10-21,0.27284019580470853
2020-10-22,0.26109595020533144
2020-10-23,0.2604352756350178
2020-10-26,0.2587924499508654
2020-10-27,0.25957795342946083
2020-10-28,0.2859245672971274
2020-10-29,0.290334967095678
2020-10-30,0.2948633489339282
2020-11-02,0.2940762521466935
2020-11-03,0.2997318519485665
2020-11-04,0.2961110154751377
2020-11-05,0.3066546598564903
2020-11-06,0.2984320462014214
2020-11-09,0.2956023998623457
2020-11-10,0.3039016884767062
2020-11-11,0.3080177610292926
2020-11-12,0.3080691310852372
2020-11-13,0.2986821749051208
2020-11-16,0.2907918223649095
2020-11-17,0.2883011923200042
2020-11-18,0.2862420609464382
2020-11-19,0.28630089137255954
2020-11-20,0.28787623095914916
2020-11-23,0.27059350271929855
2020-11-24,0.27283325592628044
2020-11-25,0.27247018652771937
2020-11-27,0.27243100357342137
2020-11-30,0.27167253178305495
2020-12-01,0.2653796871043884
2020-12-02,0.26507040775260376
2020-12-03,0.2650747010601368
2020-12-04,0.26512049589348036
2020-12-07,0.26495312137170624
2020-12-08,0.25659654479311456
2020-12-09,0.26354448456571095
2020-12-10,0.22359940978546242
2020-12-11,0.2175739247660751
2020-12-14,0.20181070437537066
2020-12-15,0.20596062067126877
2020-12-16,0.19771431221020988
2020-12-17,0.17669024512624024
2020-12-18,0.1560659154032363
2020-12-21,0.1601377643420595
2020-12-22,0.16027421189986926
2020-12-23,0.1444854830581523
2020-12-24,0.13023675812483737
2020-12-28,0.13246101048635842
2020-12-29,0.13373778669719388
2020-12-30,0.13021788587306793
2020-12-31,0.12661653573425347
2021-01-04,0.13114806644961155
2021-01-05,0.13303082666490082
2021-01-06,0.1397490674993408
2021-01-07,0.16851735878101962
2021-01-08,0.16520568561046778
2021-01-11,0.16555173624369995
2021-01-12,0.1662140562789493
2021-01-13,0.16679244148007946
2021-01-14,0.16796863580381827
2021-01-15,0.17243272121927794
2021-01-19,0.1731833530232572
2021-01-20,0.18365838244430216
2021-01-21,0.1883495434381574
2021-01-22,0.18826563873993474
2021-01-25,0.17795990446615892
2021-01-26,0.17820174323964816
2021-01-27,0.18744956371532012
2021-01-28,0.1874720448863112
2021-01-29,0.19509989242470696
2021-02-01,0.2021774069755014
2021-02-02,0.20475612376557867
2021-02-03,0.20280702759735333
2021-02-04,0.2022948150711291
2021-02-05,0.2024006812048046
2021-02-08,0.20536669313844386
2021-02-09,0.20617965432963448
2021-02-10,0.20431465686108785
2021-02-11,0.20383465862527758
2021-02-12,0.20366617901962442
2021-02-16,0.20352224804214575
2021-02-17,0.20001328215912892
2021-02-18,0.2000191725464846
2021-02-19,0.18951077148274745
2021-02-22,0.17907663646043803
2021-02-23,0.1794619139908205
2021-02-24,0.18082770023966696
2021-02-25,0.21210121805867102
2021-02-26,0.21179157335235838
2021-03-01,0.2218739010639801
2021-03-02,0.224171699271559
2021-03-03,0.23235246085204186
2021-03-04,0.22770034797159944
2021-03-05,0.22561048986303792
2021-03-08,0.2386372798489886
2021-03-09,0.2589873968044341
2021-03-10,0.2589894057904704
2021-03-11,0.2600786477322907
2021-03-12,0.2601154370795093
2021-03-15,0.25282480848723227
2021-03-16,0.24706334040031044
2021-03-17,0.24432263835321846
2021-03-18,0.2541945845146765
2021-03-19,0.25116086796740517
2021-03-22,0.25578863070450086
2021-03-23,0.250886203676096
2021-03-24,0.25330310738576894
2021-03-25,0.25256933620843935
2021-03-26,0.25610176883341845
2021-03-29,0.25606314077694087
2021-03-30,0.25607389701729644
2021-03-31,0.25968732434755126
2021-04-01,0.26577382198428895
2021-04-05,0.2712025326226223
2021-04-06,0.2635325811480456
2021-04-07,0.2651723702265283
2021-04-08,0.26571744232387345
2021-04-09,0.2410425039998391
2021-04-12,0.24131614748333446
2021-04-13,0.23245587581417243
2021-04-14,0.23196844273835288
2021-04-15,0.22759713048789815
2021-04-16,0.220184435108773
2021-04-19,0.22221784313472243
2021-04-20,0.2060755055612331
2021-04-21,0.18608888919020022
2021-04-22,0.19550399545901123
2021-04-23,0.19557903111270258
2021-04-26,0.19464026743305116
2021-04-27,0.19376320205555592
2021-04-28,0.19658142391093697
2021-04-29,0.19649706992174365
2021-04-30,0.18406899430227405
2021-05-03,0.18374110361359072
2021-05-04,0.18962682877394363
2021-05-05,0.1886846397664827
2021-05-06,0.18474737889654133
2021-05-07,0.18531712746827145
2021-05-10,0.19393407771192098
2021-05-11,0.19509616703078536
2021-05-12,0.2094278040606541
2021-05-13,0.2085134493778408
2021-05-14,0.21224060182348398
2021-05-17,0.20708034030868389
2021-05-18,0.20924225252064713
2021-05-19,0.20631232352715662
2021-05-20,0.21017527477514444
2021-05-21,0.20771875117858613
2021-05-24,0.21443299062531024
2021-05-25,0.21075448842095695
2021-05-26,0.2055866264365086
2021-05-27,0.19524927004889894
2021-05-28,0.19722162178867483
2021-06-01,0.19554347185107143
2021-06-02,0.1942743245131909
2021-06-03,0.19314686494126038
2021-06-04,0.1929325058890254
2021-06-07,0.18610551250120147
2021-06-08,0.18593711528744705
2021-06-09,0.18598655897121924
2021-06-10,0.1837213929612421
2021-06-11,0.18476634546991505
2021-06-14,0.18238315004504405
2021-06-15,0.18454399514261915
2021-06-16,0.1748034987867431
2021-06-17,0.17698577538053026
2021-06-18,0.1783071871612836
2021-06-21,0.1780764573236212
2021-06-22,0.16713938701288242
2021-06-23,0.16506130948810885
2021-06-24,0.1412554620850754
2021-06-25,0.13963244735818187
2021-06-28,0.1330995055598489
2021-06-29,0.13013902381037995
2021-06-30,0.1231484547468797
2021-07-01,0.12240708481422936
2021-07-02,0.11933677458319399
2021-07-06,0.11917017738334454
2021-07-07,0.10987617182793682
2021-07-08,0.11945729524255741
2021-07-09,0.12150704270262634
2021-07-12,0.11838652454877872
2021-07-13,0.11803632183897142
2021-07-14,0.11712128331391662
2021-07-15,0.12455856807369103
2021-07-16,0.1366027994330203
2021-07-19,0.13313012260757445
2021-07-20,0.136177093630745
2021-07-21,0.1394713806376793
2021-07-22,0.13945070262271983
2021-07-23,0.13976042447076514
2021-07-26,0.1395692640417913
2021-07-27,0.14190162509598897
2021-07-28,0.13858537155978068
2021-07-29,0.1385948324919748
2021-07-30,0.13748877385503555
2021-08-02,0.1326560737802954
2021-08-03,0.13254500155039883
2021-08-04,0.12986242998944367
2021-08-05,0.13143632774816988
2021-08-06,0.13137483175687334
2021-08-09,0.13141609549061298
2021-08-10,0.12472318493073012
2021-08-11,0.12414776694279554
2021-08-12,0.12708070326610446
2021-08-13,0.1268082326802828
2021-08-16,0.12116928943490712
2021-08-17,0.12579922574334967
2021-08-18,0.13366441619480923
2021-08-19,0.1324071997692052
2021-08-20,0.14120352579395665
2021-08-23,0.14787494262117448
2021-08-24,0.14822347978529585
2021-08-25,0.14842434264440404
2021-08-26,0.1446773652921996
2021-08-27,0.1349865696352898
2021-08-30,0.13035826844108053
2021-08-31,0.13125592757085972
2021-09-01,0.1273479984572464
2021-09-02,0.1266443879744772
2021-09-03,0.12599761737460916
2021-09-07,0.12568649616204156
2021-09-08,0.12474442948739865
2021-09-09,0.12666962108806187
2021-09-10,0.13094281355235743
2021-09-13,0.12959951509916806
2021-09-14,0.13024058866505894
2021-09-15,0.13031123732897276
2021-09-16,0.13059144878174994
2021-09-17,0.13604023831362316
2021-09-20,0.15422835513858515
2021-09-21,0.15423860978069023
2021-09-22,0.16227181561172196
2021-09-23,0.16681816556173482
2021-09-24,0.16461129746413536
2021-09-27,0.16611762392158713
2021-09-28,0.18518204206719685
2021-09-29,0.18265617949305493
2021-09-30,0.17791631032754623
2021-10-01,0.1784607671439079
2021-10-04,0.18005764399398616
2021-10-05,0.18268849872419524
2021-10-06,0.18482667954607457
2021-10-07,0.1866294400774381
2021-10-08,0.18627462656617935
2021-10-11,0.1842763088833492
2021-10-12,0.18187746598990515
2021-10-13,0.18129941344200132
2021-10-14,0.19437776526534944
2021-10-15,0.19588172127889214
2021-10-18,0.19741632418569385
2021-10-19,0.1988566973406344
2021-10-20,0.19796745930201298
2021-10-21,0.19822984002982832
2021-10-22,0.19574079302962683
2021-10-25,0.19580691684895474
2021-10-26,0.20051067192642058
2021-10-27,0.19947629379213078
2021-10-28,0.20290634378624248
2021-10-29,0.19734476712737428
2021-11-01,0.18050432176535341
2021-11-02,0.18149381464911998
2021-11-03,0.17636533545448535
2021-11-04,0.18342142594899294
2021-11-05,0.18297307017305767
2021-11-08,0.1799902287917662
2021-11-09,0.15406919698007343
2021-11-10,0.1673900143053636
2021-11-11,0.16449488311813967
2021-11-12,0.16263806607837655
2021-11-15,0.14171559367953093
2021-11-16,0.13500709326408247
2021-11-17,0.13649240444807584
2021-11-18,0.1475615642986512
2021-11-19,0.14663144777582596
2021-11-22,0.14589161183101593
2021-11-23,0.1428641011931075
2021-11-24,0.14214812212968683
2021-11-26,0.1659900719504209
2021-11-29,0.17515275196416913
2021-11-30,0.17731099478685533
2021-12-01,0.18250407345161795
2021-12-02,0.18274933159429158
2021-12-03,0.19572667371284388
2021-12-06,0.1958326039665027
2021-12-07,0.21881152067857776
2021-12-08,0.21581592584850287
2021-12-09,0.22045019871549612
2021-12-10,0.21964792362738533
2021-12-13,0.23313498565083687
2021-12-14,0.23514526050975668
2021-12-15,0.24611676387139397
2021-12-16,0.26291133443645315
2021-12-17,0.25656516145052843
2021-12-20,0.2582036862973209
2021-12-21,0.26764946272573203
2021-12-22,0.26980946322114835
2021-12-23,0.26414454758549416
2021-12-27,0.2710825283861728
2021-12-28,0.27164536494816444
2021-12-29,0.2714255551638211
2021-12-30,0.27238045549336304
2021-12-31,0.27266204735383326
2022-01-03,0.2665739319806411
2022-01-04,0.2656625951849729
2022-01-05,0.2828031868773487
2022-01-06,0.28273480865739203
2022-01-07,0.2823139184265831
2022-01-10,0.2695613169507688
2022-01-11,0.2615761700254905
2022-01-12,0.26167236081599643
2022-01-13,0.2719344999236246
2022-01-14,0.2707311458187888
2022-01-18,0.27563095413124555
2022-01-19,0.27731701553371735
2022-01-20,0.2538553437712946
2022-01-21,0.25775497802493225
2022-01-24,0.2569856834903091
2022-01-25,0.25526289076371594
2022-01-26,0.25323361055960875
2022-01-27,0.2532289263754632
2022-01-28,0.26494723502029666
2022-01-31,0.2679288211894427
2022-02-01,0.2664668272627605
2022-02-02,0.267209790874418
2022-02-03,0.26838536406343894
2022-02-04,0.26770156915544124
2022-02-07,0.266803825551783
2022-02-08,0.26069222244251933
2022-02-09,0.27093170944178874
2022-02-10,0.27777181935761647
2022-02-11,0.2892798070760015
2022-02-14,0.2895129307585751
2022-02-15,0.3045418879891768
2022-02-16,0.3042490658984383
2022-02-17,0.3051831406900641
2022-02-18,0.30646237716660035
2022-02-22,0.3068686642775527
2022-02-23,0.31473184692445194
2022-02-24,0.32521568153876323
2022-02-25,0.32887676975066743
2022-02-28,0.3202173363382773
2022-03-01,0.3251772183448868
2022-03-02,0.32380199481999306
2022-03-03,0.32223854837258087
2022-03-04,0.3256529548463624
2022-03-07,0.3400984470842329
2022-03-08,0.3403391360294763
2022-03-09,0.3615173012212376
2022-03-10,0.3622716473073186
2022-03-11,0.3663642178974036
2022-03-14,0.34977229401629567
2022-03-15,0.3590892489505702
2022-03-16,0.3766281532473367
2022-03-17,0.37601264711169363
2022-03-18,0.3742206283518996
2022-03-21,0.372882815186498
2022-03-22,0.374628965328142
2022-03-23,0.3741824478614318
2022-03-24,0.38019327868899117
2022-03-25,0.3740296842877268
2022-03-28,0.36313445502289066
2022-03-29,0.3647419938439423
2022-03-30,0.3545921662318382
2022-03-31,0.3590801625772191
2022-04-01,0.3440868578492612
2022-04-04,0.3446577814148811
2022-04-05,0.3505027888544492
2022-04-06,0.35182629507658864
2022-04-07,0.3434813067673333
2022-04-08,0.3428325471044759
2022-04-11,0.35341126203988443
2022-04-12,0.3483852142770254
2022-04-13,0.34419529682586936
2022-04-14,0.3509988611481224
2022-04-18,0.3465235002418537
2022-04-19,0.3294046923985208
2022-04-20,0.32921267318343017
2022-04-21,0.3099113039176221
2022-04-22,0.31744705246969845
2022-04-25,0.31396281736202647
2022-04-26,0.33030963499561944
2022-04-27,0.3097011795899267
2022-04-28,0.3109154902146249
2022-04-29,0.33094199899814625
2022-05-02,0.3274148719367223
2022-05-03,0.3277899242233043
2022-05-04,0.34291589620840296
2022-05-05,0.3667363466677614
2022-05-06,0.3502231251852419
2022-05-09,0.36668513256240104
2022-05-10,0.36763326216672215
2022-05-11,0.3717566365976733
2022-05-12,0.37264725292565415
2022-05-13,0.39405341052007914
2022-05-16,0.39406807325369436
2022-05-17,0.40250215338227024
2022-05-18,0.4178808331105614
2022-05-19,0.4126458436982359
2022-05-20,0.4121093062309524
2022-05-23,0.42678798468202617
2022-05-24,0.42119917305145166
2022-05-25,0.42517711918750967
2022-05-26,0.43083748475733047
2022-05-27,0.4382179360601824
2022-05-31,0.4373433164385269
2022-06-01,0.43388657740343045
2022-06-02,0.4412475298703467
2022-06-03,0.44378738753894237
2022-06-06,0.43676586169569476
2022-06-07,0.4364194330363734
2022-06-08,0.42254380346547415
2022-06-09,0.42947159731653733
2022-06-10,0.4304979634015636
2022-06-13,0.43334309912636837
2022-06-14,0.42821468262847856
2022-06-15,0.43600168426807684
2022-06-16,0.42976387476767763
2022-06-17,0.4123081177593693
2022-06-21,0.424326440252686
2022-06-22,0.40707736036734693
2022-06-23,0.4060460656341295
2022-06-24,0.40663309614901927
2022-06-27,0.40380070222154224
2022-06-28,0.3977377394571243
2022-06-29,0.39712359958286136
2022-06-30,0.3885311849883645
2022-07-01,0.36436175469023796
2022-07-05,0.3661458857582722
2022-07-06,0.36632826151697057
2022-07-07,0.3603791701539229
2022-07-08,0.35810182246528827
2022-07-11,0.3593018771870258
2022-07-12,0.3518579130961675
2022-07-13,0.3352240122713061
2022-07-14,0.33579927949452765
2022-07-15,0.3421597525090751
2022-07-18,0.33227110493235323
2022-07-19,0.33808243430587737
2022-07-20,0.34193488884673845
2022-07-21,0.3420245516387624
2022-07-22,0.34405297574263555
2022-07-25,0.3352115212137483
2022-07-26,0.31389312762621113
2022-07-27,0.30911653466612293
2022-07-28,0.30992392574079103
2022-07-29,0.3060137029160395
2022-08-01,0.28349884606694603
2022-08-02,0.2854784923959558
2022-08-03,0.28116190894058735
2022-08-04,0.27985491812953844
2022-08-05,0.2796360503921523
2022-08-08,0.27051615797156753
2022-08-09,0.26993924620685944
2022-08-10,0.26494275024309516
2022-08-11,0.26548032119233744
2022-08-12,0.262600606076167
2022-08-15,0.2623832105947051
2022-08-16,0.26199674427574576
2022-08-17,0.2641893395552706
2022-08-18,0.2581734784047056
2022-08-19,0.2695927492885574
2022-08-22,0.27711968443422
2022-08-23,0.2744568255435851
2022-08-24,0.273931022913957
2022-08-25,0.27812106694532734
2022-08-26,0.311409747836777
2022-08-29,0.31363628072661265
2022-08-30,0.3034692910247402
2022-08-31,0.3011024714716011
2022-09-01,0.3011085917000443
2022-09-02,0.3002553300488914
2022-09-06,0.30058150881472695
2022-09-07,0.3002909035387365
2022-09-08,0.26614004256340257
2022-09-09,0.2703272330183689
2022-09-12,0.2701590211493129
2022-09-13,0.3177346080638976
2022-09-14,0.31793996162807575
2022-09-15,0.30856840008873593
2022-09-16,0.3080905647850373
2022-09-19,0.3111204805047846
2022-09-20,0.308512576974384
2022-09-21,0.31004526082014067
2022-09-22,0.29216521644975024
2022-09-23,0.29283558670371435
2022-09-26,0.27978288881103297
2022-09-27,0.27779294682004846
2022-09-28,0.28326404456612425
2022-09-29,0.29113879477321325
2022-09-30,0.29129410837982694
2022-10-03,0.3086200019835983
2022-10-04,0.32590663252575025
2022-10-05,0.3259864855764879
2022-10-06,0.3260231859241241
2022-10-07,0.33793340334655325
2022-10-10,0.31590379597639884
2022-10-11,0.3159846443101325
2022-10-12,0.31574171159914965
2022-10-13,0.3389915158765863
2022-10-14,0.34480889635520073
2022-10-17,0.36488512704881704
2022-10-18,0.36619036311598196
2022-10-19,0.36229285553937995
2022-10-20,0.3613906399517087
2022-10-21,0.3676195019400476
2022-10-24,0.36616996233850224
2022-10-25,0.330225390529703
2022-10-26,0.3410167004040585
2022-10-27,0.3394998258418251
2022-10-28,0.36335362218589523
2022-10-31,0.3645514154010678
2022-11-01,0.3645458036498342
2022-11-02,0.3714471792336686
2022-11-03,0.3722529458716826
2022-11-04,0.3772884761946333
2022-11-07,0.3774553663857767
2022-11-08,0.3777993130429048
2022-11-09,0.3868486971799426
2022-11-10,0.44861487436769243
2022-11-11,0.4450376687836979
2022-11-14,0.44092024042653255
2022-11-15,0.4300273473777779
2022-11-16,0.4320443928962862
2022-11-17,0.4305323554657723
2022-11-18,0.40584065121323326
2022-11-21,0.403600728252612
2022-11-22,0.4022131428326875
2022-11-23,0.40221204172900643
2022-11-25,0.3926169761552154
2022-11-28,0.3896290613002988
2022-11-29,0.377320712153441
2022-11-30,0.4009369209981004
2022-12-01,0.40020267417396926
2022-12-02,0.4009232509401653
2022-12-05,0.3988362085518604
2022-12-06,0.4036646475304528
2022-12-07,0.3996441268785314
2022-12-08,0.39316642296172755
2022-12-09,0.39277262310381167
2022-12-12,0.3775218315245335
2022-12-13,0.37549862914765725
2022-12-14,0.37646180577291727
2022-12-15,0.382148792339232
2022-12-16,0.38203241019127326
2022-12-19,0.37860374012062337
2022-12-20,0.37720148560560096
2022-12-21,0.37988254433098784
2022-12-22,0.38048306973814455
2022-12-23,0.28435314705020254
2022-12-27,0.2830170637233344
2022-12-28,0.2833798743310936
2022-12-29,0.29349584281667646
2022-12-30,0.29212585467450325
2023-01-03,0.2940180387657387
2023-01-04,0.2940732953658987
2023-01-05,0.2975484260203639
2023-01-06,0.30231992032270194
2023-01-09,0.3025253291203325
2023-01-10,0.30373012343378536
2023-01-11,0.30147848791370413
2023-01-12,0.30209196491153373
2023-01-13,0.26486843323541115
2023-01-17,0.2668604205156336
2023-01-18,0.27060744793620856
2023-01-19,0.2693796437858292
2023-01-20,0.2767248254118795
2023-01-23,0.2872923884132747
2023-01-24,0.2809803624493
2023-01-25,0.28009089123630654
2023-01-26,0.27818786238820736
2023-01-27,0.27714495965033875
2023-01-30,0.28611783750874525
2023-01-31,0.26772142627600903
2023-02-01,0.2687158751904941
2023-02-02,0.2747118507634014
2023-02-03,0.2757924128409192
2023-02-06,0.2746880494751853
2023-02-07,0.26434775632896057
2023-02-08,0.26668069683090867
2023-02-09,0.2586628371280429
2023-02-10,0.2564046311377042
2023-02-13,0.25360970944647215
2023-02-14,0.25337549916537255
2023-02-15,0.24712224881444575
2023-02-16,0.2586582938731376
2023-02-17,0.2535738384574281
2023-02-21,0.26134222024891396
2023-02-22,0.26059949318803843
2023-02-23,0.2743240836135851
2023-02-24,0.27703447946202114
2023-02-27,0.2766746327080335
2023-02-28,0.2763100974063367
2023-03-01,0.27937963844934827
2023-03-02,0.2741607970437545
2023-03-03,0.2743489942283902
2023-03-06,0.26410889065772636
2023-03-07,0.2598645365040918
2023-03-08,0.26044730180026465
2023-03-09,0.2700800573137823
2023-03-10,0.26720673799321726
2023-03-13,0.26626853568905323
2023-03-14,0.26378771922927535
2023-03-15,0.2616160989484896
2023-03-16,0.26858052333160776
2023-03-17,0.2563154998549047
2023-03-20,0.2556908400691722
2023-03-21,0.25662838181479797
2023-03-22,0.24472553721529672
2023-03-23,0.24546774731988527
2023-03-24,0.24413748611281094
2023-03-27,0.24286429813145624
2023-03-28,0.23647338617779848
2023-03-29,0.23896532049894165
2023-03-30,0.2399901630639013
2023-03-31,0.23366332626577485
2023-04-03,0.2298381931157981
2023-04-04,0.21686660155275292
2023-04-05,0.21997626575361232
2023-04-06,0.200918650262356
2023-04-10,0.19548722169586294
2023-04-11,0.19863807234430916
2023-04-12,0.19951017872869362
2023-04-13,0.19824691884007817
2023-04-14,0.19779246448636545
2023-04-17,0.18901946267978237
2023-04-18,0.18967010033791445
2023-04-19,0.18166970662151177
2023-04-20,0.18557624174274626
2023-04-21,0.17073027041635835
2023-04-24,0.16745951182323096
2023-04-25,0.18046383531499557
2023-04-26,0.1745658667097447
2023-04-27,0.18276680816475174
2023-04-28,0.164425820727668
2023-05-01,0.164161131713705
2023-05-02,0.16904551654119002
2023-05-03,0.17014375870106457
2023-05-04,0.16940711080698695
2023-05-05,0.1854173777367162
2023-05-08,0.1852912206812346
2023-05-09,0.187534931799981
2023-05-10,0.18790277367535427
2023-05-11,0.1846475908170617
2023-05-12,0.18523094712374424
2023-05-15,0.1818002609910425
2023-05-16,0.18176924432547348
2023-05-17,0.1845611678236107
2023-05-18,0.1874051681600819
2023-05-19,0.18743748058539894
2023-05-22,0.18737279112629654
2023-05-23,0.19086083197966786
2023-05-24,0.19015337621422312
2023-05-25,0.2530771195045885
2023-05-26,0.25546149776352645
2023-05-30,0.255626905234437
2023-05-31,0.26246503115684655
2023-06-01,0.2670688411663386
2023-06-02,0.263228760788118
2023-06-05,0.26357157118042396
2023-06-06,0.26386120616024206
2023-06-07,0.2603586837743056
2023-06-08,0.25721851191683415
2023-06-09,0.25194420804062206
2023-06-12,0.252573749903314
2023-06-13,0.25281767033576646
2023-06-14,0.24977693674194723
2023-06-15,0.2467603806823966
2023-06-16,0.24645206239253153
2023-06-20,0.23606821720830423
2023-06-21,0.2394701710042206
2023-06-22,0.23594983068660344
2023-06-23,0.23919412578891822
2023-06-26,0.24410401764573347
2023-06-27,0.24448625651923458
2023-06-28,0.24517687262119278
2023-06-29,0.24502342773379188
2023-06-30,0.24733209712307597
2023-07-03,0.244007076634985
2023-07-05,0.24397241487211793
2023-07-06,0.24394696922047587
2023-07-07,0.23804344367026342
2023-07-10,0.23909051431527809
2023-07-11,0.1664481622222284
2023-07-12,0.16466894606336518
2023-07-13,0.168908976824499
2023-07-14,0.15920678136518981
2023-07-17,0.15321585710605273
2023-07-18,0.15715003719012882
2023-07-19,0.15647255749098526
2023-07-20,0.1630800221798858
2023-07-21,0.15923827728525655
2023-07-24,0.15759175094267244
2023-07-25,0.15868153952857678
2023-07-26,0.15943362094867608
2023-07-27,0.15989740669142793
2023-07-28,0.1616801738141704
2023-07-31,0.158503632703318
2023-08-01,0.1575609606175292
2023-08-02,0.17408862921353913
2023-08-03,0.17155504141827688
2023-08-04,0.17457160559560114
2023-08-07,0.17199103671299185
2023-08-08,0.16734592071129595
2023-08-09,0.1698357529522513
2023-08-10,0.16977209715569577
2023-08-11,0.17084094642230932
2023-08-14,0.16982018049307765
2023-08-15,0.1717191900499814
2023-08-16,0.17221627805626746
2023-08-17,0.17422717459471415
2023-08-18,0.17426523200431485
2023-08-21,0.1881369996995076
2023-08-22,0.18875999762393916
2023-08-23,0.19119515165028694
2023-08-24,0.18868162253187656
2023-08-25,0.18876601178283026
2023-08-28,0.18586181378793512
2023-08-29,0.19061803796779264
2023-08-30,0.1920173119019178
2023-08-31,0.1878920564651658
2023-09-01,0.18552813067227525
2023-09-05,0.18443662677972592
2023-09-06,0.18821284834393853
2023-09-07,0.1912777068864731
2023-09-08,0.19050183809957127
2023-09-11,0.18502796790248188
2023-09-12,0.18631693764598473
2023-09-13,0.18680390140135467
2023-09-14,0.17639335384321417
2023-09-15,0.18284316612339066
2023-09-18,0.18057187270165864
2023-09-19,0.180344888722503
2023-09-20,0.18736408867414597
2023-09-21,0.18401162576087257
2023-09-22,0.1840395464782475
2023-09-25,0.18390942743348682
2023-09-26,0.17857499860343165
2023-09-27,0.17724911735344367
2023-09-28,0.1780619275502481
2023-09-29,0.17600848841556432
2023-10-02,0.18016778773262213
2023-10-03,0.17144910211843295
2023-10-04,0.17388902923307328
2023-10-05,0.16583963180516056
2023-10-06,0.17078532349752135
2023-10-09,0.1708886379691168
2023-10-10,0.16944156739203037
2023-10-11,0.1608412846988016
2023-10-12,0.1592530816897264
2023-10-13,0.1614653062940421
2023-10-16,0.16342795922792763
2023-10-17,0.16661627533920575
2023-10-18,0.1651347464773325
2023-10-19,0.16003764774825135
2023-10-20,0.16499097522712733
2023-10-23,0.16621026759056787
2023-10-24,0.16572965220072425
2023-10-25,0.16639739704167678
2023-10-26,0.17637337803313688
2023-10-27,0.17066789942280394
2023-10-30,0.17724472030439872
2023-10-31,0.17751181671400465
2023-11-01,0.17899649969579184
2023-11-02,0.18183580840429808
2023-11-03,0.18439222753048437
2023-11-06,0.18590440826475632
2023-11-07,0.17935624707756098
2023-11-08,0.17978102045690783
2023-11-09,0.17994782039478405
2023-11-10,0.189086574995475
2023-11-13,0.1876830099223138
2023-11-14,0.18184061291197684
2023-11-15,0.18106656370131524
2023-11-16,0.1823293494834173
2023-11-17,0.17740676297185118
2023-11-20,0.18017402484660147
2023-11-21,0.1822641339918605
2023-11-22,0.1809028788071342
2023-11-24,0.1822392295213511
2023-11-27,0.17851460079331255
2023-11-28,0.17785688038750094
2023-11-29,0.17280563419562836
2023-11-30,0.16535799703027376
2023-12-01,0.16483548737244805
2023-12-04,0.16150941977922811
2023-12-05,0.16306969982207223
2023-12-06,0.16800824065196338
2023-12-07,0.16635937088739094
2023-12-08,0.1453701728521195
2023-12-11,0.14871235465676072
2023-12-12,0.14604945749045165
2023-12-13,0.14637386201405642
2023-12-14,0.14011449701051687
2023-12-15,0.13383239633649363
2023-12-18,0.1316820792056785
2023-12-19,0.12960350771657847
2023-12-20,0.1380714038777594
2023-12-21,0.13833487070036618
2023-12-22,0.13801107153228667
2023-12-26,0.12416306053524821
2023-12-27,0.12306514584093041
2023-12-28,0.11569910480031832
2023-12-29,0.11585801501958774
2024-01-02,0.12382967617180561
2024-01-03,0.12495256208833472
2024-01-04,0.11876979748783835
2024-01-05,0.11793965709783452
2024-01-08,0.13892151761979854
2024-01-09,0.13750791377865937
2024-01-10,0.1408161041483138
2024-01-11,0.1408052685539916
2024-01-12,0.1404163470839275
2024-01-16,0.1398391408220432
2024-01-17,0.14105616764112497
2024-01-18,0.1418630815767545
2024-01-19,0.14784790150113172
2024-01-22,0.1421697515112722
2024-01-23,0.14058605097543841
2024-01-24,0.13970190352034315
2024-01-25,0.13597075773641562
2024-01-26,0.13666303988376138
2024-01-29,0.1368181398706892
2024-01-30,0.1369283332098093
2024-01-31,0.1513505853752631
2024-02-01,0.15463528547470282
2024-02-02,0.15938262558667796
2024-02-05,0.15160478832009075
2024-02-06,0.15142386098835178
2024-02-07,0.15313461976079445
2024-02-08,0.1544060510470785
2024-02-09,0.15675526970083214
2024-02-12,0.1585873851269802
2024-02-13,0.16429083790621388
2024-02-14,0.15337310717612432
2024-02-15,0.1509850761896711
2024-02-16,0.15219251781998133
2024-02-20,0.15827598602574672
2024-02-21,0.1455256989625289
2024-02-22,0.19277771376497937
2024-02-23,0.19215641486375867
2024-02-26,0.19335299770491884
2024-02-27,0.193370353367547
2024-02-28,0.1944773338784707
2024-02-29,0.1934718430915719
2024-03-01,0.19034057393761858
2024-03-04,0.18410225229183722
2024-03-05,0.18966606481963055
2024-03-06,0.18994634481963804
2024-03-07,0.19192269845025717
2024-03-08,0.1958144468493661
2024-03-11,0.194915121222239
2024-03-12,0.20450614369012038
2024-03-13,0.2051957130402641
2024-03-14,0.19432162569579373
2024-03-15,0.19335341237479597
2024-03-18,0.18979500339232255
2024-03-19,0.19031007024031227
2024-03-20,0.19188697680042985
2024-03-21,0.1903599983149054
2024-03-22,0.18977704009349008
2024-03-25,0.18860330010976403
2024-03-26,0.18953747193519035
2024-03-27,0.1850412011153914
2024-03-28,0.1844541822205005
2024-04-01,0.1844317670120555
2024-04-02,0.18495996228731187
2024-04-03,0.18117657675448934
2024-04-04,0.18549052343381758
2024-04-05,0.13477642012324292
2024-04-08,0.13513600272157616
2024-04-09,0.13466771748485493
2024-04-10,0.13525736722193304
2024-04-11,0.1488316852969002
2024-04-12,0.15847161993020498
2024-04-15,0.16498473435678182
2024-04-16,0.16513032594266713
2024-04-17,0.1652123120172254
2024-04-18,0.16444521871540302
2024-04-19,0.17230534487914942
2024-04-22,0.17696450903371638
2024-04-23,0.18428141079836152
2024-04-24,0.1687156873156981
2024-04-25,0.16868957817163818
2024-04-26,0.17696568938201562
2024-04-29,0.1767922415401386
2024-04-30,0.18427163923265322
2024-05-01,0.18210629089795058
2024-05-02,0.18474643839680016
2024-05-03,0.20357625607476415
2024-05-06,0.2062169275090922
2024-05-07,0.2060511073524532
2024-05-08,0.20519388275153447
2024-05-09,0.20493282308039668
2024-05-10,0.20496244265651833
2024-05-13,0.20528528834569873
2024-05-14,0.2051336509955227
2024-05-15,0.2099530226534835
2024-05-16,0.2057690736234973
2024-05-17,0.20332731291507555
2024-05-20,0.20279876756173418
2024-05-21,0.203327737981482
2024-05-22,0.2033015695439866
2024-05-23,0.19490957776231788
2024-05-24,0.1887003750004337
2024-05-28,0.1810812866028807
2024-05-29,0.1804754173486219
2024-05-30,0.18203556246489877
2024-05-31,0.18054012788861107
2024-06-03,0.16066535493529813
2024-06-04,0.15793475700922413
2024-06-05,0.15821865169113417
2024-06-06,0.15916350684640043
2024-06-07,0.15897261745689062
2024-06-10,0.1551350000264375
2024-06-11,0.1587544814966925
2024-06-12,0.1461775378377814
2024-06-13,0.14219483610689973
2024-06-14,0.1402342189836544
2024-06-17,0.123724196225623
2024-06-18,0.12204056043746887
2024-06-20,0.12853713102474165
2024-06-21,0.13454391964016948
2024-06-24,0.14300927178682332
2024-06-25,0.14740399330981444
2024-06-26,0.14745224954265557
2024-06-27,0.1478426404678174
2024-06-28,0.14584561863899753
2024-07-01,0.1498577227355977
2024-07-02,0.14868543578591814
2024-07-03,0.15024222163856815
2024-07-05,0.14979021293185904
2024-07-08,0.14796318382631687
2024-07-09,0.1473798256280991
2024-07-10,0.14757307164697972
2024-07-11,0.16787049871094678
2024-07-12,0.16744827136171558
2024-07-15,0.15847796171952255
2024-07-16,0.15945484922256797
2024-07-17,0.17602338396306536
2024-07-18,0.1786671664518342
2024-07-19,0.17562024995710931
2024-07-22,0.17836342122013887
2024-07-23,0.17831508231354193
2024-07-24,0.20755097948152912
2024-07-25,0.2057754053391944
2024-07-26,0.20104737375181306
2024-07-29,0.19854615606317993
2024-07-30,0.20182487183381012
2024-07-31,0.21632330516825843
2024-08-01,0.22600076701869604
2024-08-02,0.22803791210641267
2024-08-05,0.25392736509839364
2024-08-06,0.2563119052875109
2024-08-07,0.25122225279870486
2024-08-08,0.26288426959541733
2024-08-09,0.2641336364227777
2024-08-12,0.26611932125514054
2024-08-13,0.2724083402650103
2024-08-14,0.27275050384495925
2024-08-15,0.27568616903896953
2024-08-16,0.27578985454410676
2024-08-19,0.2780342242107942
2024-08-20,0.277781842158389
2024-08-21,0.273871333084604
2024-08-22,0.2676104646569544
2024-08-23,0.2710949395349307
2024-08-26,0.27061967570885276
2024-08-27,0.27107029653608405
2024-08-28,0.26377278808689386
2024-08-29,0.26362275774422594
2024-08-30,0.2633461263653083
2024-09-03,0.28106364957803454
2024-09-04,0.2815045153873105
2024-09-05,0.2634777824226096
2024-09-06,0.26786604243109124
2024-09-09,0.2695659891642843
2024-09-10,0.26949616893124556
2024-09-11,0.2778034009539301
2024-09-12,0.26716415716507336
2024-09-13,0.2570048699429168
2024-09-16,0.25310078915943623
2024-09-17,0.21937193118618073
2024-09-18,0.21785631323901086
2024-09-19,0.22581533772162862
2024-09-20,0.21772568978008766
2024-09-23,0.21768416296875054
2024-09-24,0.21667246604024973
2024-09-25,0.2051827322569945
2024-09-26,0.2043411083057338
2024-09-27,0.19897605138437927
2024-09-30,0.19978104962062898
2024-10-01,0.20875997449110048
2024-10-02,0.20880981104497814
2024-10-03,0.2089894999066011
2024-10-04,0.2072779711402734
2024-10-07,0.20337283317954535
2024-10-08,0.2087835491245161
2024-10-09,0.20967073985465215
2024-10-10,0.20811228274010118
2024-10-11,0.2073111612127357
2024-10-14,0.20853327422383341
2024-10-15,0.17716016516969782
2024-10-16,0.17505908433771328
2024-10-17,0.175036930178867
2024-10-18,0.16126457575592437
2024-10-21,0.15869673208760104
2024-10-22,0.1584576557774413
2024-10-23,0.15041629939295906
2024-10-24,0.14971467312689724
2024-10-25,0.1496778146682531
2024-10-28,0.14680161454015983
2024-10-29,0.14679239948069275
2024-10-30,0.1476725935325459
2024-10-31,0.16471308005543356
2024-11-01,0.16405223617549297
2024-11-04,0.1643915056841074
2024-11-05,0.16675118436253544
2024-11-06,0.19186839057915492
2024-11-07,0.19258673881984403
2024-11-08,0.19176041046614573
2024-11-11,0.19285959378409745
2024-11-12,0.17694751841494938
2024-11-13,0.17703799158835962
2024-11-14,0.17711377553546945
2024-11-15,0.1839879419997047
2024-11-18,0.18225328568080998
2024-11-19,0.178520341040892
2024-11-20,0.17804839618996773
2024-11-21,0.17808389249436452
2024-11-22,0.17754996404300122
2024-11-25,0.17526340428300696
2024-11-26,0.17529840741202543
2024-11-27,0.17639126350209688
2024-11-29,0.17745373105334225
2024-12-02,0.1771771285439466
2024-12-03,0.17622783676533382
2024-12-04,0.1782153080577209
2024-12-05,0.17185762540231098
2024-12-06,0.1721919985674963
2024-12-09,0.17263153469664047
2024-12-10,0.17435483707225355
2024-12-11,0.17602398191143728
2024-12-12,0.1752675919760641
2024-12-13,0.14228904980171908
2024-12-16,0.14216846236795036
2024-12-17,0.1411675275121601
2024-12-18,0.16139585273243656
2024-12-19,0.12996279043543738
2024-12-20,0.1355741245025441
2024-12-23,0.1372218246621563
2024-12-24,0.13737978748820528
2024-12-26,0.1364968274253863
2024-12-27,0.144118724589231
2024-12-30,0.14629292589409224
2024-12-31,0.13975552672669028
